D_REG,BRAND,MODEL,MAKE_YEAR,COLOR,FUEL,N_REG_NEW
03.02.2021,SKODA,OCTAVIA A5,2012,БЕЖЕВИЙ,БЕНЗИН,ВІ9541ЕХ
25.02.2021,SKODA,YETI,2012,КОРИЧНЕВИЙ,БЕНЗИН,КА1208СР
02.03.2021,SKODA,OCTAVIA A5,2012,ЧОРНИЙ,ДИЗЕЛЬНЕ ПАЛИВО,СА8200ІВ
30.03.2021,SKODA,OCTAVIA A5,2012,БІЛИЙ,БЕНЗИН АБО ГАЗ,ВХ4462ЕО
26.01.2021,SKODA,SUPERB,2012,СІРИЙ,БЕНЗИН,ВХ9212ВН
22.01.2021,SKODA,OCTAVIA A5,2012,БЕЖЕВИЙ,ДИЗЕЛЬНЕ ПАЛИВО,ВІ7607ЕХ
13.03.2021,SKODA,FABIA,2012,БІЛИЙ,БЕНЗИН АБО ГАЗ,АІ2526КР
18.02.2021,SKODA,OCTAVIA A5,2012,ЧОРНИЙ,БЕНЗИН,АЕ8259ОХ
05.01.2021,SKODA,OCTAVIA A5,2012,СІРИЙ,БЕНЗИН,ВХ0260ЕМ
20.01.2021,SKODA,OCTAVIA A5,2012,СІРИЙ,ДИЗЕЛЬНЕ ПАЛИВО,ВТ7606СМ
21.01.2021,SKODA,OCTAVIA A5,2012,ЗЕЛЕНИЙ,БЕНЗИН АБО ГАЗ,ВС8391ЕХ
02.02.2021,SKODA,OCTAVIA A5,2012,ЧОРНИЙ,БЕНЗИН АБО ГАЗ,АВ3283ІА
26.03.2021,SKODA,FABIA,2012,ЗЕЛЕНИЙ,БЕНЗИН,КА1158ВХ
30.03.2021,SKODA,OCTAVIA A5,2012,СІРИЙ,БЕНЗИН АБО ГАЗ,ВХ3747ЕО
27.03.2021,SKODA,OCTAVIA A5,2012,СІРИЙ,БЕНЗИН АБО ГАЗ,АВ1428НО
20.03.2021,SKODA,OCTAVIA A5,2012,СІРИЙ,БЕНЗИН,АХ4986КС
02.02.2021,SKODA,FABIA,2012,БІЛИЙ,БЕНЗИН,АІ6980ЕА
18.02.2021,SKODA,SUPERB,2012,СІРИЙ,БЕНЗИН,ВА7328ЕК
20.01.2021,SKODA,OCTAVIA A5,2012,ЧОРНИЙ,БЕНЗИН,СА3369ІЕ
30.03.2021,SKODA,SUPERB,2012,ЧОРНИЙ,БЕНЗИН,АХ3333ОІ
23.01.2021,SKODA,OCTAVIA A5,2012,БІЛИЙ,БЕНЗИН,КА6775ВТ
24.02.2021,SKODA,OCTAVIA A5,2012,СІРИЙ,ДИЗЕЛЬНЕ ПАЛИВО,АЕ7180ОР
03.02.2021,SKODA,OCTAVIA A5,2012,СІРИЙ,БЕНЗИН,АР0578ІВ
17.03.2021,SKODA,YETI,2012,БЕЖЕВИЙ,БЕНЗИН,ВН8652ОК
30.01.2021,SKODA,OCTAVIA A5,2012,БЕЖЕВИЙ,БЕНЗИН АБО ГАЗ,ВВ8023ЕТ
17.02.2021,SKODA,OCTAVIA A5,2012,БІЛИЙ,БЕНЗИН,ВЕ9363ЕІ
03.03.2021,SKODA,OCTAVIA A5,2012,СІРИЙ,БЕНЗИН АБО ГАЗ,ВЕ5197ЕІ
14.01.2021,SKODA,FABIA,2012,БІЛИЙ,БЕНЗИН,КА9880ВТ
23.03.2021,SKODA,SUPERB,2012,ЧОРНИЙ,БЕНЗИН,АЕ4048ОХ
20.03.2021,SKODA,OCTAVIA A5,2012,БІЛИЙ,ДИЗЕЛЬНЕ ПАЛИВО,СА7077ВВ
16.03.2021,SKODA,FABIA,2012,БЕЖЕВИЙ,БЕНЗИН АБО ГАЗ,КА7971ВА
26.02.2021,SKODA,OCTAVIA A5,2012,БІЛИЙ,БЕНЗИН,АЕ1996ОІ
11.02.2021,SKODA,OCTAVIA A5,2012,БІЛИЙ,БЕНЗИН,АЕ1227РА
20.02.2021,SKODA,FABIA,2012,БІЛИЙ,БЕНЗИН АБО ГАЗ,АЕ9004ОТ
13.02.2021,SKODA,SUPERB,2012,БІЛИЙ,ДИЗЕЛЬНЕ ПАЛИВО,АІ8471МН
27.02.2021,SKODA,SUPERB,2012,БІЛИЙ,ДИЗЕЛЬНЕ ПАЛИВО,АА3536РР
10.03.2021,SKODA,FABIA,2012,СІРИЙ,БЕНЗИН,КА9743ВК
16.03.2021,SKODA,FABIA,2012,БЕЖЕВИЙ,БЕНЗИН,КА4132СА
06.01.2021,SKODA,OCTAVIA A5,2012,ЧОРНИЙ,ДИЗЕЛЬНЕ ПАЛИВО,ВС9897МЕ
06.01.2021,SKODA,FABIA,2012,СИНІЙ,БЕНЗИН,СЕ7350СА
16.01.2021,SKODA,OCTAVIA A5,2012,СІРИЙ,ДИЗЕЛЬНЕ ПАЛИВО,ВА5611ЕК
24.03.2021,SKODA,FABIA,2012,ЧЕРВОНИЙ,БЕНЗИН,ВТ2363СО
18.02.2021,SKODA,FABIA,2012,БІЛИЙ,БЕНЗИН,АІ4922МН
12.02.2021,SKODA,SUPERB,2012,ЧОРНИЙ,БЕНЗИН АБО ГАЗ,АЕ8265ІК
04.01.2021,SKODA,SUPERB,2012,ЧОРНИЙ,БЕНЗИН АБО ГАЗ,АЕ8265ІК
26.02.2021,SKODA,OCTAVIA A5,2012,ЧОРНИЙ,БЕНЗИН,КА2115АЕ
20.02.2021,SKODA,SUPERB,2012,КОРИЧНЕВИЙ,БЕНЗИН,АЕ8449ОХ
21.01.2021,SKODA,SUPERB,2012,КОРИЧНЕВИЙ,БЕНЗИН,АС1925ЕК
09.01.2021,SKODA,OCTAVIA,2012,ЗЕЛЕНИЙ,БЕНЗИН,АА7774НК
24.03.2021,SKODA,FABIA,2012,СІРИЙ,БЕНЗИН АБО ГАЗ,ВІ4429НА
25.02.2021,SKODA,FABIA,2012,БІЛИЙ,БЕНЗИН,ВС3402МК
13.01.2021,SKODA,OCTAVIA A5,2012,ЧОРНИЙ,БЕНЗИН,СВ9229СВ
05.02.2021,SKODA,OCTAVIA A5,2012,БІЛИЙ,БЕНЗИН,ВВ8420ЕТ
22.01.2021,SKODA,SUPERB,2012,СІРИЙ,БЕНЗИН АБО ГАЗ,ВА4244ВА
13.03.2021,SKODA,SUPERB,2012,КОРИЧНЕВИЙ,БЕНЗИН,АТ2101ЕМ
20.03.2021,SKODA,OCTAVIA A5,2012,ЧОРНИЙ,БЕНЗИН,АЕ4297РН
09.02.2021,SKODA,OCTAVIA A5,2012,БІЛИЙ,БЕНЗИН АБО ГАЗ,АЕ8378ОТ
21.01.2021,SKODA,FABIA,2012,СІРИЙ,БЕНЗИН АБО ГАЗ,КА7018ВО
13.02.2021,SKODA,FABIA,2012,БІЛИЙ,БЕНЗИН АБО ГАЗ,КА7083ВТ
06.01.2021,SKODA,FABIA,2012,БІЛИЙ,БЕНЗИН,СА9056ІА
26.02.2021,SKODA,OCTAVIA A5,2012,БІЛИЙ,БЕНЗИН АБО ГАЗ,ВА7164ЕК
06.01.2021,SKODA,SUPERB,2012,КОРИЧНЕВИЙ,БЕНЗИН,АІ5331МН
10.03.2021,SKODA,OCTAVIA A5,2012,СІРИЙ,ДИЗЕЛЬНЕ ПАЛИВО,КІ0101СС
10.03.2021,SKODA,OCTAVIA A5,2012,ЧОРНИЙ,БЕНЗИН,АЕ2329РВ
18.03.2021,SKODA,OCTAVIA A5,2012,ЗЕЛЕНИЙ,БЕНЗИН,АІ1021РТ
19.02.2021,SKODA,OCTAVIA A5,2012,ЗЕЛЕНИЙ,БЕНЗИН АБО ГАЗ,АН9967ОІ
09.02.2021,SKODA,FABIA,2012,БЕЖЕВИЙ,БЕНЗИН АБО ГАЗ,КА9460ВМ
12.01.2021,SKODA,SUPERB,2012,СІРИЙ,БЕНЗИН,АР8050ІВ
04.01.2021,SKODA,FABIA,2012,ЧЕРВОНИЙ,БЕНЗИН,АІ7731КХ
20.01.2021,SKODA,FABIA,2012,ЧЕРВОНИЙ,БЕНЗИН,АІ8207ММ
10.03.2021,SKODA,SUPERB,2012,ЧОРНИЙ,БЕНЗИН,АХ4685КЕ
18.02.2021,SKODA,OCTAVIA A5,2012,БІЛИЙ,БЕНЗИН,АХ4265КЕ
27.02.2021,SKODA,OCTAVIA A5,2012,БІЛИЙ,БЕНЗИН,ВІ3130ЕО
02.02.2021,SKODA,OCTAVIA A5,2012,ЧОРНИЙ,БЕНЗИН АБО ГАЗ,АЕ4215РВ
23.02.2021,SKODA,FABIA,2012,ЖОВТИЙ,БЕНЗИН АБО ГАЗ,СВ9528СХ
28.01.2021,SKODA,FABIA,2012,СІРИЙ,БЕНЗИН,АЕ6723РА
28.01.2021,SKODA,FABIA,2012,СІРИЙ,БЕНЗИН,АЕ3300КТ
21.01.2021,SKODA,FABIA,2012,ЖОВТИЙ,БЕНЗИН,АІ0234МК
21.01.2021,SKODA,FABIA,2012,БІЛИЙ,БЕНЗИН АБО ГАЗ,АТ4305ЕР
14.01.2021,SKODA,FABIA,2012,ЖОВТИЙ,БЕНЗИН АБО ГАЗ,АЕ6862ОР
27.01.2021,SKODA,FABIA,2012,ЖОВТИЙ,БЕНЗИН АБО ГАЗ,АЕ1818МК
25.02.2021,SKODA,FABIA,2012,ЖОВТИЙ,БЕНЗИН,КА1356СО
12.01.2021,SKODA,OCTAVIA A5,2012,БІЛИЙ,ДИЗЕЛЬНЕ ПАЛИВО,ВА5167ЕК
06.02.2021,SKODA,FABIA,2012,БІЛИЙ,БЕНЗИН,ВІ4063ЕО
11.02.2021,SKODA,OCTAVIA A5,2012,БІЛИЙ,БЕНЗИН,АХ2378КЕ
11.02.2021,SKODA,FABIA,2012,БЕЖЕВИЙ,БЕНЗИН,ВЕ9361ЕІ
04.01.2021,SKODA,SUPERB,2012,КОРИЧНЕВИЙ,БЕНЗИН,АЕ7640ОТ
17.02.2021,SKODA,OCTAVIA A5,2012,СІРИЙ,БЕНЗИН,КА5695ВО
12.02.2021,SKODA,OCTAVIA A5 COMBI,2012,БІЛИЙ,БЕНЗИН,ВТ6981СО
06.01.2021,SKODA,FABIA,2012,ЧЕРВОНИЙ,БЕНЗИН,АІ7298МА
24.03.2021,SKODA,SUPERB,2012,СІРИЙ,БЕНЗИН,КА7309СА
23.02.2021,SKODA,YETI,2012,КОРИЧНЕВИЙ,БЕНЗИН,АХ8317ІХ
25.02.2021,SKODA,FABIA,2012,ЖОВТИЙ,БЕНЗИН,КА1346СО
06.02.2021,SKODA,FABIA,2012,СІРИЙ,БЕНЗИН АБО ГАЗ,АІ4289МН
13.01.2021,SKODA,FABIA,2012,ЧЕРВОНИЙ,БЕНЗИН,АІ7476КО
05.03.2021,SKODA,OCTAVIA A5,2012,СІРИЙ,БЕНЗИН АБО ГАЗ,АІ1830МА
30.01.2021,SKODA,OCTAVIA A5,2012,СІРИЙ,БЕНЗИН,АХ7855КВ
28.01.2021,SKODA,SUPERB,2012,КОРИЧНЕВИЙ,БЕНЗИН,ВС3280МК
02.02.2021,SKODA,OCTAVIA A5 COMBI,2012,СІРИЙ,БЕНЗИН,ВІ9067ЕХ
17.03.2021,SKODA,YETI,2012,СІРИЙ,ДИЗЕЛЬНЕ ПАЛИВО,АА6272НН
28.01.2021,SKODA,OCTAVIA A5,2012,СІРИЙ,ДИЗЕЛЬНЕ ПАЛИВО,АО1561НА
02.03.2021,SKODA,FABIA,2012,СІРИЙ,БЕНЗИН,АЕ5000СТ
16.01.2021,SKODA,OCTAVIA A5,2012,ЗЕЛЕНИЙ,БЕНЗИН АБО ГАЗ,АЕ2568ОТ
03.02.2021,SKODA,OCTAVIA A5,2012,СІРИЙ,ДИЗЕЛЬНЕ ПАЛИВО,АВ3440ІА
16.03.2021,SKODA,OCTAVIA,2012,СІРИЙ,БЕНЗИН,КА4149СА
06.02.2021,SKODA,SUPERB,2012,СІРИЙ,БЕНЗИН АБО ГАЗ,АЕ4358РВ
04.03.2021,SKODA,SUPERB,2012,СІРИЙ,БЕНЗИН АБО ГАЗ,ВЕ5239ЕК
09.02.2021,SKODA,SUPERB,2012,ЧОРНИЙ,БЕНЗИН,АА8405ОХ
11.03.2021,SKODA,FABIA,2012,БІЛИЙ,БЕНЗИН АБО ГАЗ,КА8311СО
20.03.2021,SKODA,FABIA,2012,БІЛИЙ,БЕНЗИН,АЕ6985ОР
13.02.2021,SKODA,OCTAVIA A5,2012,ЧОРНИЙ,БЕНЗИН АБО ГАЗ,СВ6288СХ
11.02.2021,SKODA,FABIA,2012,БІЛИЙ,БЕНЗИН АБО ГАЗ,АА4187НН
18.03.2021,SKODA,FABIA,2012,БІЛИЙ,БЕНЗИН АБО ГАЗ,АС4639СМ
05.03.2021,SKODA,FABIA,2012,БІЛИЙ,БЕНЗИН,КА9825ВК
04.03.2021,SKODA,SUPERB,2012,ЧЕРВОНИЙ,БЕНЗИН,АН2205КХ
18.03.2021,SKODA,OCTAVIA A5,2012,ЧОРНИЙ,БЕНЗИН АБО ГАЗ,АІ0352МР
12.02.2021,SKODA,SUPERB,2012,СІРИЙ,БЕНЗИН,АІ6070КТ
12.02.2021,SKODA,SUPERB,2012,СІРИЙ,БЕНЗИН,АІ6070КТ
16.01.2021,SKODA,OCTAVIA A5,2012,БІЛИЙ,БЕНЗИН,АР9390ІС
27.02.2021,SKODA,OCTAVIA A5,2012,БЕЖЕВИЙ,ДИЗЕЛЬНЕ ПАЛИВО,АІ1725РТ
06.03.2021,SKODA,OCTAVIA A5,2012,СІРИЙ,БЕНЗИН АБО ГАЗ,АН3780ОМ
20.02.2021,SKODA,SUPERB,2012,БІЛИЙ,БЕНЗИН,ВІ8191НА
20.02.2021,SKODA,FABIA,2012,СІРИЙ,БЕНЗИН АБО ГАЗ,АІ9075МН
13.02.2021,SKODA,FABIA,2012,БІЛИЙ,БЕНЗИН АБО ГАЗ,АР3099ЕІ
30.03.2021,SKODA,FABIA,2012,СІРИЙ,БЕНЗИН,АЕ2610РІ
05.03.2021,SKODA,OCTAVIA A5,2012,СІРИЙ,БЕНЗИН,АО2930НА
24.02.2021,SKODA,OCTAVIA A5,2012,ЧОРНИЙ,БЕНЗИН,КА1335СО
12.03.2021,SKODA,FABIA,2012,БІЛИЙ,БЕНЗИН,АІ8810ММ
14.01.2021,SKODA,FABIA,2012,БІЛИЙ,БЕНЗИН,АМ6404ЕР
27.03.2021,SKODA,SUPERB,2012,СІРИЙ,БЕНЗИН,АН4459ОК
17.03.2021,SKODA,SUPERB,2012,СІРИЙ,БЕНЗИН,КА5259СА
06.02.2021,SKODA,OCTAVIA A5,2012,БІЛИЙ,БЕНЗИН АБО ГАЗ,СА6216ІЕ
28.01.2021,SKODA,FABIA,2012,БІЛИЙ,БЕНЗИН,ВН3116ЕІ
13.01.2021,SKODA,FABIA,2012,БІЛИЙ,БЕНЗИН АБО ГАЗ,КА4637СР
11.02.2021,SKODA,OCTAVIA A5,2012,ЧОРНИЙ,ДИЗЕЛЬНЕ ПАЛИВО,АМ5875ЕТ
13.03.2021,SKODA,FABIA,2012,БІЛИЙ,БЕНЗИН АБО ГАЗ,ВС9750МК
10.02.2021,SKODA,OCTAVIA,2012,ЧОРНИЙ,БЕНЗИН,АІ1433МВ
12.03.2021,SKODA,SUPERB,2012,БІЛИЙ,БЕНЗИН,АХ2208КІ
06.01.2021,SKODA,FABIA,2012,БІЛИЙ,БЕНЗИН АБО ГАЗ,АР3546ІС
17.03.2021,SKODA,OCTAVIA A5,2012,ЧОРНИЙ,БЕНЗИН,АН5760ОН
24.03.2021,SKODA,OCTAVIA A5,2012,БЕЖЕВИЙ,ДИЗЕЛЬНЕ ПАЛИВО,АР3637ІС
04.02.2021,SKODA,OCTAVIA A5,2012,БІЛИЙ,ДИЗЕЛЬНЕ ПАЛИВО,АН7141ОІ
23.03.2021,SKODA,OCTAVIA A5,2012,СІРИЙ,БЕНЗИН,КА6541СА
18.02.2021,SKODA,SUPERB,2012,ЧОРНИЙ,БЕНЗИН,ВС1561МК
17.02.2021,SKODA,OCTAVIA,2012,БЕЖЕВИЙ,БЕНЗИН,АН6721КС
24.02.2021,SKODA,OCTAVIA A5,2012,СІРИЙ,ДИЗЕЛЬНЕ ПАЛИВО,ВН2753ОІ
20.03.2021,SKODA,OCTAVIA,2012,СІРИЙ,БЕНЗИН,ВС0489ММ
26.03.2021,SKODA,OCTAVIA A5,2012,ЧОРНИЙ,БЕНЗИН АБО ГАЗ,АХ8380ІХ
20.02.2021,SKODA,OCTAVIA A5,2012,СИНІЙ,БЕНЗИН,АМ6332ЕР
13.03.2021,SKODA,OCTAVIA A5 COMBI,2012,БІЛИЙ,БЕНЗИН,АЕ9193РВ
17.02.2021,SKODA,SUPERB,2012,БІЛИЙ,БЕНЗИН,АВ3133АА
17.02.2021,SKODA,SUPERB,2012,БІЛИЙ,БЕНЗИН,АВ3888ВН
11.02.2021,SKODA,YETI,2012,КОРИЧНЕВИЙ,БЕНЗИН,АН9482ОІ
02.02.2021,SKODA,YETI,2012,КОРИЧНЕВИЙ,БЕНЗИН,АН8461ОІ
04.01.2021,SKODA,SUPERB,2012,ЧОРНИЙ,БЕНЗИН,АВ9837НХ
25.03.2021,SKODA,OCTAVIA,2012,СИНІЙ,БЕНЗИН,АВ2120ЕМ
02.02.2021,SKODA,OCTAVIA A5,2012,СІРИЙ,ДИЗЕЛЬНЕ ПАЛИВО,АО9713ЕТ
02.02.2021,SKODA,OCTAVIA A5,2012,СІРИЙ,ДИЗЕЛЬНЕ ПАЛИВО,АО7077ЕВ
16.03.2021,SKODA,OCTAVIA A5,2012,СІРИЙ,ДИЗЕЛЬНЕ ПАЛИВО,АН5020ОН
11.02.2021,SKODA,OCTAVIA A5,2012,СІРИЙ,ДИЗЕЛЬНЕ ПАЛИВО,АН9485ОІ
20.02.2021,SKODA,OCTAVIA A5,2012,БЕЖЕВИЙ,ДИЗЕЛЬНЕ ПАЛИВО,СА2374ІЕ
09.02.2021,SKODA,SUPERB,2012,СІРИЙ,БЕНЗИН,АА0009СК
26.03.2021,SKODA,OCTAVIA A5,2012,БЕЖЕВИЙ,БЕНЗИН,ВТ9067СМ
06.01.2021,SKODA,SUPERB,2012,БЕЖЕВИЙ,БЕНЗИН АБО ГАЗ,СЕ4432СТ
23.02.2021,SKODA,SUPERB,2012,БЕЖЕВИЙ,БЕНЗИН,ВТ8720СМ
06.02.2021,SKODA,OCTAVIA A5,2012,СІРИЙ,БЕНЗИН АБО ГАЗ,СА1442ІР
31.03.2021,SKODA,OCTAVIA A5,2012,ЧОРНИЙ,ДИЗЕЛЬНЕ ПАЛИВО,ВС9022МК
25.02.2021,SKODA,OCTAVIA A5,2012,ЧОРНИЙ,БЕНЗИН,ВЕ5894ЕН
03.03.2021,SKODA,YETI,2012,КОРИЧНЕВИЙ,БЕНЗИН,АН0312ІЕ
04.03.2021,SKODA,SUPERB,2012,ЧЕРВОНИЙ,БЕНЗИН,АМ9245ЕМ
27.01.2021,SKODA,YETI,2012,БЕЖЕВИЙ,БЕНЗИН,АН8238ОІ
20.03.2021,SKODA,FABIA,2012,СІРИЙ,БЕНЗИН АБО ГАЗ,КА4766СА
30.03.2021,SKODA,FABIA,2012,СІРИЙ,БЕНЗИН АБО ГАЗ,КА1338СН
10.02.2021,SKODA,OCTAVIA A5,2012,ЧОРНИЙ,БЕНЗИН,АЕ4814РА
11.03.2021,SKODA,OCTAVIA A5,2012,СІРИЙ,БЕНЗИН,АА5572МО
04.01.2021,SKODA,OCTAVIA A5,2012,СІРИЙ,БЕНЗИН,СА2230КІ
19.03.2021,SKODA,OCTAVIA A5,2012,ЧОРНИЙ,БЕНЗИН АБО ГАЗ,ВМ4551ВН
05.01.2021,SKODA,SUPERB,2012,ЧОРНИЙ,БЕНЗИН,АА9772СС
06.02.2021,SKODA,OCTAVIA A5,2012,ЧЕРВОНИЙ,БЕНЗИН,АІ6770МІ
02.02.2021,SKODA,OCTAVIA A5,2012,СІРИЙ,БЕНЗИН,АР6818ІВ
19.03.2021,SKODA,SUPERB,2012,ЧОРНИЙ,БЕНЗИН АБО ГАЗ,АЕ2809РВ
29.01.2021,SKODA,SUPERB,2012,ЧОРНИЙ,БЕНЗИН АБО ГАЗ,АЕ3173ОА
08.01.2021,SKODA,YETI,2012,СІРИЙ,БЕНЗИН,АН5759ОІ
20.03.2021,SKODA,SUPERB,2012,ЧОРНИЙ,БЕНЗИН,ВК5750НН
25.02.2021,SKODA,FABIA,2012,БІЛИЙ,БЕНЗИН,СА4421ІЕ
23.02.2021,SKODA,OCTAVIA A5,2012,СІРИЙ,БЕНЗИН АБО ГАЗ,ВН4303ОЕ
25.03.2021,SKODA,SUPERB,2012,БЕЖЕВИЙ,БЕНЗИН,АІ9272МН
20.02.2021,SKODA,SUPERB,2012,БЕЖЕВИЙ,БЕНЗИН,КА5131СО
18.02.2021,SKODA,OCTAVIA A5,2012,СІРИЙ,БЕНЗИН,ВХ5958ЕМ
20.01.2021,SKODA,SUPERB,2012,БІЛИЙ,БЕНЗИН,АЕ9015ОМ
27.01.2021,SKODA,SUPERB,2012,БІЛИЙ,БЕНЗИН,АЕ6859РА
30.01.2021,SKODA,YETI,2012,БЕЖЕВИЙ,БЕНЗИН,АН8426ОІ
12.03.2021,SKODA,OCTAVIA A5,2012,БЕЖЕВИЙ,БЕНЗИН,АЕ1643РЕ
27.03.2021,SKODA,SUPERB,2012,ЧОРНИЙ,БЕНЗИН,АЕ2262КА
13.02.2021,SKODA,OCTAVIA A5,2012,БІЛИЙ,БЕНЗИН,АЕ4865РВ
25.03.2021,SKODA,SUPERB,2012,БЕЖЕВИЙ,БЕНЗИН,ВК7989НС
21.01.2021,SKODA,ROOMSTER,2012,БІЛИЙ,БЕНЗИН АБО ГАЗ,АА8663МІ
21.01.2021,SKODA,ROOMSTER,2012,БІЛИЙ,БЕНЗИН АБО ГАЗ,КА3676СР
02.02.2021,SKODA,SUPERB,2012,СІРИЙ,БЕНЗИН,АЕ1691ОТ
25.02.2021,SKODA,SUPERB,2012,СІРИЙ,БЕНЗИН,АЕ2866ОТ
19.02.2021,SKODA,SUPERB,2012,СІРИЙ,БЕНЗИН,АЕ2866ОТ
02.03.2021,SKODA,OCTAVIA A5,2012,СІРИЙ,БЕНЗИН АБО ГАЗ,АО8488СН
06.03.2021,SKODA,SUPERB,2012,ЧОРНИЙ,БЕНЗИН,АЕ0260РМ
19.03.2021,SKODA,OCTAVIA A5 COMBI,2012,БІЛИЙ,БЕНЗИН АБО ГАЗ,ВВ9051ЕТ
02.02.2021,SKODA,YETI,2012,ЧОРНИЙ,БЕНЗИН,ВН1352ОМ
17.03.2021,SKODA,FABIA,2012,ЧЕРВОНИЙ,БЕНЗИН,КА7141СН
19.01.2021,SKODA,OCTAVIA A5,2012,БЕЖЕВИЙ,ДИЗЕЛЬНЕ ПАЛИВО,КА4579СР
21.01.2021,SKODA,SUPERB,2012,ЧОРНИЙ,БЕНЗИН,АВ3220ІА
24.03.2021,SKODA,SUPERB,2012,ЧОРНИЙ,БЕНЗИН,АА2527МО
19.01.2021,SKODA,OCTAVIA,2012,БЕЖЕВИЙ,БЕНЗИН,АА6400ОА
18.03.2021,SKODA,OCTAVIA A5,2012,СІРИЙ,БЕНЗИН,КА4700СА
21.01.2021,SKODA,OCTAVIA,2012,СІРИЙ,ДИЗЕЛЬНЕ ПАЛИВО,АІ1754МВ
12.01.2021,SKODA,OCTAVIA A5,2012,СІРИЙ,БЕНЗИН,АО5351ЕХ
31.03.2021,SKODA,FABIA,2012,БЕЖЕВИЙ,БЕНЗИН,КА2169СН
02.03.2021,SKODA,FABIA,2012,ЗЕЛЕНИЙ,БЕНЗИН,КА1831ВТ
04.03.2021,SKODA,FABIA,2012,СІРИЙ,БЕНЗИН,СА5437ІВ
18.03.2021,SKODA,FABIA,2012,СІРИЙ,БЕНЗИН,КА2056ВТ
10.03.2021,SKODA,OCTAVIA A5,2012,БЕЖЕВИЙ,БЕНЗИН АБО ГАЗ,АЕ8174ОН
27.03.2021,SKODA,FABIA,2012,СІРИЙ,БЕНЗИН АБО ГАЗ,АХ5076КЕ
23.02.2021,SKODA,YETI,2012,БЕЖЕВИЙ,БЕНЗИН,АІ2512АХ
04.03.2021,SKODA,YETI,2012,СИНІЙ,БЕНЗИН,АВ5559АТ
21.01.2021,SKODA,SUPERB,2012,БЕЖЕВИЙ,БЕНЗИН,ВІ7626ЕХ
19.01.2021,SKODA,OCTAVIA A5,2012,ЧОРНИЙ,БЕНЗИН,АР0755ІЕ
27.03.2021,SKODA,OCTAVIA A5,2012,БІЛИЙ,БЕНЗИН,СА4684ІС
25.03.2021,SKODA,OCTAVIA A5,2012,БІЛИЙ,БЕНЗИН,АВ9448ІА
10.03.2021,SKODA,SUPERB,2012,СІРИЙ,БЕНЗИН АБО ГАЗ,АР6597ІЕ
05.01.2021,SKODA,FABIA,2012,СІРИЙ,БЕНЗИН АБО ГАЗ,АР5056ЕМ
17.02.2021,SKODA,YETI,2012,КОРИЧНЕВИЙ,БЕНЗИН,КА9096СО
29.01.2021,SKODA,YETI,2012,КОРИЧНЕВИЙ,БЕНЗИН,КА5386СО
23.03.2021,SKODA,FABIA,2012,СІРИЙ,БЕНЗИН,АВ7128НХ
25.03.2021,SKODA,FABIA,2012,БІЛИЙ,БЕНЗИН АБО ГАЗ,АЕ0563РМ
26.03.2021,SKODA,OCTAVIA,2012,ЧОРНИЙ,БЕНЗИН АБО ГАЗ,СВ2201ЕВ
12.03.2021,SKODA,SUPERB,2012,ЧОРНИЙ,БЕНЗИН АБО ГАЗ,АХ0710ОО
26.01.2021,SKODA,FABIA,2012,ЗЕЛЕНИЙ,БЕНЗИН,АН5589ОІ
02.03.2021,SKODA,FABIA,2012,ЗЕЛЕНИЙ,БЕНЗИН,АІ3089МК
05.01.2021,SKODA,OCTAVIA A5,2012,СІРИЙ,БЕНЗИН,СА7929ІВ
25.03.2021,SKODA,OCTAVIA,2012,СІРИЙ,БЕНЗИН,АЕ2932РВ
19.02.2021,SKODA,OCTAVIA A5,2012,БЕЖЕВИЙ,БЕНЗИН АБО ГАЗ,ВА3214ЕМ
03.02.2021,SKODA,OCTAVIA A5,2012,СІРИЙ,БЕНЗИН,АР1210ІЕ
10.03.2021,SKODA,OCTAVIA,2012,СІРИЙ,БЕНЗИН,АЕ2341РВ
09.02.2021,SKODA,SUPERB,2012,ЧОРНИЙ,БЕНЗИН,АА0005СК
18.03.2021,SKODA,OCTAVIA A5,2012,СІРИЙ,БЕНЗИН АБО ГАЗ,АМ7330ВН
23.02.2021,SKODA,OCTAVIA A5,2012,ЧОРНИЙ,БЕНЗИН АБО ГАЗ,ВВ7600ЕС
09.02.2021,SKODA,OCTAVIA A5,2012,БІЛИЙ,БЕНЗИН АБО ГАЗ,АЕ9207ОТ
04.02.2021,SKODA,OCTAVIA A5,2012,СІРИЙ,БЕНЗИН АБО ГАЗ,ВВ6652ЕТ
14.01.2021,SKODA,OCTAVIA A5,2012,СІРИЙ,БЕНЗИН,АТ0673ЕР
29.01.2021,SKODA,OCTAVIA A5,2012,БІЛИЙ,БЕНЗИН,АН8404ОІ
13.01.2021,SKODA,OCTAVIA A5,2012,БІЛИЙ,БЕНЗИН,АН6072ОІ
09.02.2021,SKODA,OCTAVIA,2012,СІРИЙ,БЕНЗИН,ВМ3299СМ
30.03.2021,SKODA,FABIA,2012,СІРИЙ,БЕНЗИН,КА1695СН
04.02.2021,SKODA,OCTAVIA A5,2012,СІРИЙ,БЕНЗИН,СА1629ІС
06.03.2021,SKODA,OCTAVIA A5,2012,СІРИЙ,БЕНЗИН,АХ1902КІ
26.01.2021,SKODA,OCTAVIA A5,2012,СІРИЙ,БЕНЗИН,АІ5689МН
02.02.2021,SKODA,OCTAVIA A5,2012,СІРИЙ,БЕНЗИН,КА2728СР
30.01.2021,SKODA,FABIA,2012,СІРИЙ,БЕНЗИН АБО ГАЗ,АЕ1701РЕ
31.03.2021,SKODA,OCTAVIA A5,2012,ЧОРНИЙ,БЕНЗИН,КА3441СН
30.03.2021,SKODA,SUPERB,2012,БІЛИЙ,БЕНЗИН АБО ГАЗ,АН2001ОН
18.03.2021,SKODA,OCTAVIA A5,2012,БІЛИЙ,БЕНЗИН АБО ГАЗ,ВІ4898НА
09.02.2021,SKODA,FABIA,2012,СИНІЙ,БЕНЗИН,ВС4836МН
18.03.2021,SKODA,FABIA,2012,СІРИЙ,БЕНЗИН АБО ГАЗ,ВХ4079ЕМ
26.03.2021,SKODA,OCTAVIA A5,2012,СІРИЙ,БЕНЗИН,ВН9332ОЕ
13.01.2021,SKODA,SUPERB,2012,БЕЖЕВИЙ,БЕНЗИН АБО ГАЗ,АІ4297МІ
23.03.2021,SKODA,OCTAVIA,2012,СІРИЙ,БЕНЗИН АБО ГАЗ,АЕ0385РМ
19.03.2021,SKODA,OCTAVIA,2012,СІРИЙ,БЕНЗИН АБО ГАЗ,АН3756МС
31.03.2021,SKODA,OCTAVIA A5,2012,БІЛИЙ,ДИЗЕЛЬНЕ ПАЛИВО,АІ0063СК
23.02.2021,SKODA,FABIA,2012,ЗЕЛЕНИЙ,БЕНЗИН АБО ГАЗ,ВС5158МК
12.02.2021,SKODA,SUPERB,2012,ЧОРНИЙ,БЕНЗИН,АЕ4829РВ
26.01.2021,SKODA,OCTAVIA A5,2012,БІЛИЙ,БЕНЗИН,СА0130ІА
05.03.2021,SKODA,OCTAVIA A5,2012,БІЛИЙ,БЕНЗИН АБО ГАЗ,ВІ3302НА
23.01.2021,SKODA,OCTAVIA A5,2012,СІРИЙ,БЕНЗИН,ВН7469МО
16.02.2021,SKODA,FABIA,2012,СІРИЙ,БЕНЗИН АБО ГАЗ,АІ2971МК
13.03.2021,SKODA,FABIA,2012,СІРИЙ,БЕНЗИН АБО ГАЗ,КА0513СО
12.03.2021,SKODA,FABIA,2012,СІРИЙ,БЕНЗИН АБО ГАЗ,КА1096СО
30.01.2021,SKODA,FABIA,2012,БЕЖЕВИЙ,БЕНЗИН АБО ГАЗ,АР8216ІВ
30.01.2021,SKODA,FABIA,2012,БЕЖЕВИЙ,БЕНЗИН АБО ГАЗ,АР1830СХ
25.02.2021,SKODA,OCTAVIA A5,2012,ЧОРНИЙ,БЕНЗИН,АІ9527МІ
06.01.2021,SKODA,OCTAVIA A5,2012,СІРИЙ,БЕНЗИН,АМ6512ЕО
12.01.2021,SKODA,OCTAVIA A5,2012,БІЛИЙ,БЕНЗИН,АМ7155ЕО
25.03.2021,SKODA,OCTAVIA A5,2012,ЧОРНИЙ,БЕНЗИН АБО ГАЗ,АЕ2690РА
16.02.2021,SKODA,FABIA,2012,СІРИЙ,БЕНЗИН,АІ8427МІ
13.02.2021,SKODA,SUPERB,2012,ЧОРНИЙ,БЕНЗИН,АВ2835ІА
06.01.2021,SKODA,OCTAVIA A5,2012,СІРИЙ,БЕНЗИН,АО6973ЕХ
12.01.2021,SKODA,OCTAVIA A5,2012,СИНІЙ,БЕНЗИН,КЕ1000ЕЕ
17.03.2021,SKODA,OCTAVIA,2012,БІЛИЙ,БЕНЗИН АБО ГАЗ,ВМ2752СІ
23.02.2021,SKODA,OCTAVIA,2012,СІРИЙ,БЕНЗИН,АЕ3399СО
03.02.2021,SKODA,OCTAVIA,2012,БІЛИЙ,ДИЗЕЛЬНЕ ПАЛИВО,ВН2740ОК
20.03.2021,SKODA,OCTAVIA A5,2012,СІРИЙ,ДИЗЕЛЬНЕ ПАЛИВО,АМ7273ЕМ
10.03.2021,SKODA,OCTAVIA A5,2012,ЧОРНИЙ,БЕНЗИН,АЕ9416РА
02.02.2021,SKODA,OCTAVIA A5,2012,ЧОРНИЙ,БЕНЗИН,АЕ8904РВ
03.02.2021,SKODA,OCTAVIA A5,2012,БІЛИЙ,БЕНЗИН АБО ГАЗ,АЕ9778ОР
04.03.2021,SKODA,OCTAVIA A5,2012,СІРИЙ,БЕНЗИН АБО ГАЗ,АЕ7650ОН
23.03.2021,SKODA,OCTAVIA A5,2012,ЧОРНИЙ,БЕНЗИН,АІ9252МН
19.01.2021,SKODA,OCTAVIA A5,2012,СІРИЙ,БЕНЗИН,АР0781ІЕ
09.02.2021,SKODA,OCTAVIA A5,2012,БІЛИЙ,БЕНЗИН АБО ГАЗ,ВН0065ХХ
13.01.2021,SKODA,OCTAVIA,2012,БІЛИЙ,БЕНЗИН АБО ГАЗ,АН1137ОН
03.02.2021,SKODA,FABIA,2012,БІЛИЙ,ДИЗЕЛЬНЕ ПАЛИВО,АЕ2771РА
23.01.2021,SKODA,FABIA,2012,БІЛИЙ,БЕНЗИН АБО ГАЗ,ВА5099ЕК
16.03.2021,SKODA,OCTAVIA,2012,БЕЖЕВИЙ,БЕНЗИН,КА3611ВХ
24.03.2021,SKODA,OCTAVIA,2012,БЕЖЕВИЙ,БЕНЗИН,КА3611ВХ
11.02.2021,SKODA,SUPERB,2012,БЕЖЕВИЙ,БЕНЗИН,АЕ4522ОХ
11.03.2021,SKODA,OCTAVIA A5,2012,СІРИЙ,БЕНЗИН,ВА0423ЕМ
16.03.2021,SKODA,OCTAVIA A5,2012,ЧОРНИЙ,БЕНЗИН,ВВ7569ЕО
23.03.2021,SKODA,SUPERB,2012,ЧОРНИЙ,ДИЗЕЛЬНЕ ПАЛИВО,ВС6978МВ
05.02.2021,SKODA,SUPERB,2012,СИНІЙ,ДИЗЕЛЬНЕ ПАЛИВО,ВН3554ІО
16.03.2021,SKODA,OCTAVIA A5,2012,СІРИЙ,БЕНЗИН,СВ2989ЕА
31.03.2021,SKODA,SUPERB,2012,ЧОРНИЙ,БЕНЗИН,АЕ4385РН
20.02.2021,SKODA,OCTAVIA A5,2012,БЕЖЕВИЙ,ДИЗЕЛЬНЕ ПАЛИВО,ВЕ7553ЕІ
27.03.2021,SKODA,OCTAVIA A5,2012,БІЛИЙ,ДИЗЕЛЬНЕ ПАЛИВО,АР8165ІС
05.02.2021,SKODA,OCTAVIA A5,2012,ЧОРНИЙ,БЕНЗИН АБО ГАЗ,СВ6743СА
20.03.2021,SKODA,FABIA,2012,СІРИЙ,БЕНЗИН,АН4550ОН
24.03.2021,SKODA,OCTAVIA A5,2012,СІРИЙ,ДИЗЕЛЬНЕ ПАЛИВО,АО5884НА
26.03.2021,SKODA,OCTAVIA A5,2012,СІРИЙ,БЕНЗИН АБО ГАЗ,АІ2938МС
28.01.2021,SKODA,OCTAVIA,2012,СІРИЙ,БЕНЗИН АБО ГАЗ,ВІ8458ЕХ
31.03.2021,SKODA,FABIA,2012,СИНІЙ,БЕНЗИН,СА6710ІС
23.01.2021,SKODA,OCTAVIA,2012,ЧОРНИЙ,БЕНЗИН,СА2743КІ
13.02.2021,SKODA,OCTAVIA A5,2012,СІРИЙ,БЕНЗИН АБО ГАЗ,ВН4735ОН
25.02.2021,SKODA,ROOMSTER,2012,БЕЖЕВИЙ,БЕНЗИН,АМ3895ВН
24.02.2021,SKODA,OCTAVIA,2012,БЕЖЕВИЙ,БЕНЗИН АБО ГАЗ,ВМ6104СМ
06.02.2021,SKODA,OCTAVIA,2012,БЕЖЕВИЙ,БЕНЗИН,ВА2055ЕІ
23.02.2021,SKODA,FABIA,2012,СІРИЙ,БЕНЗИН,СА1978ІС
18.03.2021,SKODA,SUPERB,2012,ЧОРНИЙ,ДИЗЕЛЬНЕ ПАЛИВО,ВС1123ММ
20.02.2021,SKODA,FABIA,2012,СІРИЙ,БЕНЗИН,ВВ8629ЕТ
26.02.2021,SKODA,FABIA,2012,СИНІЙ,БЕНЗИН,ВС6238ЕР
15.01.2021,SKODA,OCTAVIA A5,2012,СІРИЙ,БЕНЗИН,АР7790СС
15.01.2021,SKODA,OCTAVIA A5,2012,СІРИЙ,БЕНЗИН,АР7790ІВ
10.03.2021,SKODA,OCTAVIA A5,2012,ЧЕРВОНИЙ,БЕНЗИН АБО ГАЗ,ВА6034СС
16.03.2021,SKODA,OCTAVIA A5,2012,ЧЕРВОНИЙ,БЕНЗИН АБО ГАЗ,ВВ9178ЕТ
20.03.2021,SKODA,OCTAVIA A5,2012,БЕЖЕВИЙ,БЕНЗИН,АІ5645МК
23.01.2021,SKODA,SUPERB,2012,КОРИЧНЕВИЙ,ДИЗЕЛЬНЕ ПАЛИВО,АІ9460МН
27.02.2021,SKODA,SUPERB,2012,ЧОРНИЙ,ДИЗЕЛЬНЕ ПАЛИВО,ВС0642МК
19.01.2021,SKODA,FABIA,2012,БІЛИЙ,БЕНЗИН,АН8737ОІ
12.02.2021,SKODA,OCTAVIA A5,2012,СІРИЙ,БЕНЗИН,АІ8369МІ
05.01.2021,SKODA,OCTAVIA A5,2012,СІРИЙ,БЕНЗИН,СА4792ІВ
11.03.2021,SKODA,FABIA,2012,БЕЖЕВИЙ,БЕНЗИН АБО ГАЗ,АІ7578ІН
23.02.2021,SKODA,SUPERB,2012,ЧОРНИЙ,ДИЗЕЛЬНЕ ПАЛИВО,АМ6850СР
12.01.2021,SKODA,SUPERB,2012,КОРИЧНЕВИЙ,БЕНЗИН,АТ3206ЕО
20.03.2021,SKODA,OCTAVIA A5,2012,БІЛИЙ,БЕНЗИН АБО ГАЗ,АН6119ОМ
06.03.2021,SKODA,OCTAVIA A5,2012,СІРИЙ,БЕНЗИН АБО ГАЗ,АМ9671ЕО
19.01.2021,SKODA,OCTAVIA A5,2012,СІРИЙ,БЕНЗИН,ВТ1592СМ
15.01.2021,SKODA,OCTAVIA,2012,ЧОРНИЙ,БЕНЗИН,АЕ6469ОН
11.02.2021,SKODA,OCTAVIA A5,2012,БІЛИЙ,БЕНЗИН АБО ГАЗ,ВІ9223НА
11.03.2021,SKODA,SUPERB,2012,БІЛИЙ,ДИЗЕЛЬНЕ ПАЛИВО,ВА2907ЕМ
19.03.2021,SKODA,FABIA,2012,ЧЕРВОНИЙ,БЕНЗИН,АА0704ОК
16.01.2021,SKODA,FABIA,2012,СІРИЙ,БЕНЗИН,АІ5520МН
15.01.2021,SKODA,OCTAVIA,2012,СІРИЙ,ДИЗЕЛЬНЕ ПАЛИВО,СЕ8656СО
11.03.2021,SKODA,FABIA,2012,СИНІЙ,БЕНЗИН АБО ГАЗ,ВМ0602СМ
03.02.2021,SKODA,OCTAVIA,2012,ЧОРНИЙ,ДИЗЕЛЬНЕ ПАЛИВО,ВК6401НА
02.02.2021,SKODA,OCTAVIA,2012,БІЛИЙ,БЕНЗИН АБО ГАЗ,ВХ6002ЕН
12.01.2021,SKODA,OCTAVIA,2012,БІЛИЙ,БЕНЗИН АБО ГАЗ,АВ3775НР
15.01.2021,SKODA,OCTAVIA,2012,ЧОРНИЙ,ДИЗЕЛЬНЕ ПАЛИВО,ВХ6015ЕН
18.03.2021,SKODA,OCTAVIA,2012,БІЛИЙ,ДИЗЕЛЬНЕ ПАЛИВО,ВС1491ММ
20.02.2021,SKODA,FABIA,2012,СІРИЙ,БЕНЗИН АБО ГАЗ,СА1998ІС
13.01.2021,SKODA,SUPERB,2012,СІРИЙ,ДИЗЕЛЬНЕ ПАЛИВО,ВХ4934ЕМ
05.01.2021,SKODA,OCTAVIA A5,2012,СІРИЙ,БЕНЗИН,ВМ9967СМ
02.02.2021,SKODA,OCTAVIA,2012,СІРИЙ,ДИЗЕЛЬНЕ ПАЛИВО,АО8917ЕХ
28.01.2021,SKODA,FABIA,2012,БІЛИЙ,БЕНЗИН,АН9062КР
24.03.2021,SKODA,OCTAVIA A5 RS,2012,ЧОРНИЙ,БЕНЗИН,АН2527ОМ
05.03.2021,SKODA,FABIA,2012,БІЛИЙ,БЕНЗИН АБО ГАЗ,КА7461СН
13.02.2021,SKODA,OCTAVIA,2012,БІЛИЙ,БЕНЗИН,АО3055НА
10.02.2021,SKODA,OCTAVIA A5,2012,ЧЕРВОНИЙ,ДИЗЕЛЬНЕ ПАЛИВО,КА0480ВН
12.02.2021,SKODA,FABIA,2012,БЕЖЕВИЙ,БЕНЗИН АБО ГАЗ,АЕ8504ОТ
09.01.2021,SKODA,OCTAVIA,2012,ЧОРНИЙ,ДИЗЕЛЬНЕ ПАЛИВО,АВ1755НТ
25.03.2021,SKODA,ROOMSTER,2012,БІЛИЙ,ДИЗЕЛЬНЕ ПАЛИВО,АВ6144НР
05.02.2021,SKODA,FABIA,2012,БЕЖЕВИЙ,БЕНЗИН,АС2519ЕМ
26.02.2021,SKODA,SUPERB,2012,БІЛИЙ,ДИЗЕЛЬНЕ ПАЛИВО,АН4139ОІ
13.01.2021,SKODA,SUPERB,2012,ЧОРНИЙ,БЕНЗИН,АМ7199ЕО
16.03.2021,SKODA,OCTAVIA A5,2012,СІРИЙ,БЕНЗИН,АМ8053ЕМ
20.03.2021,SKODA,OCTAVIA,2012,БІЛИЙ,БЕНЗИН АБО ГАЗ,ВВ1029ЕХ
12.03.2021,SKODA,OCTAVIA,2012,ЧОРНИЙ,ДИЗЕЛЬНЕ ПАЛИВО,АТ2093СЕ
22.01.2021,SKODA,SUPERB,2012,БІЛИЙ,ДИЗЕЛЬНЕ ПАЛИВО,ВН6247ОМ
11.02.2021,SKODA,SUPERB,2012,СІРИЙ,ДИЗЕЛЬНЕ ПАЛИВО,ВЕ4945СЕ
13.01.2021,SKODA,OCTAVIA COMBI,2012,СІРИЙ,ДИЗЕЛЬНЕ ПАЛИВО,АС2797ЕК
02.03.2021,SKODA,FABIA,2012,СІРИЙ,ДИЗЕЛЬНЕ ПАЛИВО,АО4763НА
02.03.2021,SKODA,OCTAVIA,2012,СИНІЙ,ДИЗЕЛЬНЕ ПАЛИВО,ВХ2448ЕР
06.03.2021,SKODA,OCTAVIA,2012,БІЛИЙ,ДИЗЕЛЬНЕ ПАЛИВО,АО4929НА
17.03.2021,SKODA,OCTAVIA A5 COMBI,2012,СІРИЙ,БЕНЗИН,АЕ4252РЕ
31.03.2021,SKODA,SUPERB,2012,ЧОРНИЙ,ДИЗЕЛЬНЕ ПАЛИВО,АЕ5402ІО
21.01.2021,SKODA,SUPERB,2012,КОРИЧНЕВИЙ,ДИЗЕЛЬНЕ ПАЛИВО,АВ4155ІА
24.03.2021,SKODA,OCTAVIA,2012,СІРИЙ,БЕНЗИН,КА1798СО
16.02.2021,SKODA,FABIA,2012,СІРИЙ,БЕНЗИН АБО ГАЗ,ВС0341МВ
10.03.2021,SKODA,OCTAVIA A5,2012,СІРИЙ,ДИЗЕЛЬНЕ ПАЛИВО,ВС4598МВ
27.02.2021,SKODA,OCTAVIA,2012,СІРИЙ,ДИЗЕЛЬНЕ ПАЛИВО,АВ2835НМ
13.01.2021,SKODA,ROOMSTER,2012,БІЛИЙ,БЕНЗИН АБО ГАЗ,АЕ6264ОТ
13.02.2021,SKODA,ROOMSTER,2012,БІЛИЙ,БЕНЗИН АБО ГАЗ,АО9760ЕТ
03.02.2021,SKODA,ROOMSTER,2012,БІЛИЙ,БЕНЗИН АБО ГАЗ,АО9760ЕТ
13.01.2021,SKODA,OCTAVIA,2012,СІРИЙ,ДИЗЕЛЬНЕ ПАЛИВО,АС1498ЕК
19.01.2021,SKODA,OCTAVIA,2012,ЧЕРВОНИЙ,ДИЗЕЛЬНЕ ПАЛИВО,АО1301НА
10.03.2021,SKODA,OCTAVIA,2012,БІЛИЙ,ДИЗЕЛЬНЕ ПАЛИВО,СВ2691ЕА
27.01.2021,SKODA,OCTAVIA,2012,ЧОРНИЙ,ДИЗЕЛЬНЕ ПАЛИВО,АО2003ЕХ
03.03.2021,SKODA,OCTAVIA,2012,БІЛИЙ,ДИЗЕЛЬНЕ ПАЛИВО,ВС5200МВ
05.01.2021,SKODA,OCTAVIA,2012,ЧОРНИЙ,ДИЗЕЛЬНЕ ПАЛИВО,ВС0409КТ
26.02.2021,SKODA,YETI,2012,БЕЖЕВИЙ,БЕНЗИН АБО ГАЗ,
05.02.2021,SKODA,FABIA,2012,БІЛИЙ,БЕНЗИН,АІ8241МІ
04.02.2021,SKODA,OCTAVIA,2012,БІЛИЙ,ДИЗЕЛЬНЕ ПАЛИВО,ВХ6250ЕМ
20.01.2021,SKODA,OCTAVIA,2012,СІРИЙ,ДИЗЕЛЬНЕ ПАЛИВО,ВТ1606СМ
20.03.2021,SKODA,OCTAVIA,2012,СІРИЙ,ДИЗЕЛЬНЕ ПАЛИВО,АХ7639ІХ
06.02.2021,SKODA,OCTAVIA,2012,БІЛИЙ,ДИЗЕЛЬНЕ ПАЛИВО,АО2482НА
05.03.2021,SKODA,OCTAVIA,2012,СІРИЙ,ДИЗЕЛЬНЕ ПАЛИВО,АІ3275МК
04.01.2021,SKODA,YETI,2012,КОРИЧНЕВИЙ,ДИЗЕЛЬНЕ ПАЛИВО,АЕ6824ОТ
19.03.2021,SKODA,FABIA,2012,СІРИЙ,БЕНЗИН,АІ5403МК
09.02.2021,SKODA,SUPERB,2012,ЧОРНИЙ,ДИЗЕЛЬНЕ ПАЛИВО,АР1351ІЕ
13.02.2021,SKODA,FABIA,2012,СІРИЙ,ДИЗЕЛЬНЕ ПАЛИВО,АЕ6316ОХ
11.02.2021,SKODA,FABIA,2012,СІРИЙ,ДИЗЕЛЬНЕ ПАЛИВО,АЕ8584ІМ
19.02.2021,SKODA,OCTAVIA A5,2012,ЧОРНИЙ,БЕНЗИН АБО ГАЗ,АХ2737ІР
29.01.2021,SKODA,SUPERB,2012,ЧОРНИЙ,ДИЗЕЛЬНЕ ПАЛИВО,АО1591НА
27.02.2021,SKODA,SUPERB,2012,СІРИЙ,ДИЗЕЛЬНЕ ПАЛИВО,СА4270ІЕ
04.02.2021,SKODA,OCTAVIA A5 COMBI,2012,БІЛИЙ,БЕНЗИН,ВІ2362НВ
19.03.2021,SKODA,SUPERB,2012,КОРИЧНЕВИЙ,ДИЗЕЛЬНЕ ПАЛИВО,ВС3627ММ
09.01.2021,SKODA,SUPERB,2012,СІРИЙ,ДИЗЕЛЬНЕ ПАЛИВО,АМ6852ЕР
31.03.2021,SKODA,OCTAVIA,2012,ЧОРНИЙ,ДИЗЕЛЬНЕ ПАЛИВО,СА7340ІЕ
31.03.2021,SKODA,OCTAVIA A5,2012,СІРИЙ,БЕНЗИН АБО ГАЗ,АА4157ЕО
17.02.2021,SKODA,OCTAVIA A5,2012,СІРИЙ,БЕНЗИН АБО ГАЗ,АІ5639МВ
30.01.2021,SKODA,FABIA,2012,СИНІЙ,БЕНЗИН АБО ГАЗ,СА3694ІЕ
12.01.2021,SKODA,FABIA,2012,БІЛИЙ,БЕНЗИН,КА1683СР
23.02.2021,SKODA,FABIA,2012,БІЛИЙ,БЕНЗИН,АЕ2568РВ
06.03.2021,SKODA,OCTAVIA,2012,СІРИЙ,ДИЗЕЛЬНЕ ПАЛИВО,АЕ0351РМ
24.02.2021,SKODA,OCTAVIA,2012,СИНІЙ,ДИЗЕЛЬНЕ ПАЛИВО,ВС7702ЕТ
19.02.2021,SKODA,SUPERB,2012,ЧОРНИЙ,ДИЗЕЛЬНЕ ПАЛИВО,АЕ7785ОК
08.01.2021,SKODA,SUPERB,2012,СІРИЙ,ДИЗЕЛЬНЕ ПАЛИВО,ВХ8378ЕО
23.01.2021,SKODA,OCTAVIA A5,2012,СІРИЙ,БЕНЗИН,АІ5699МН
31.03.2021,SKODA,FABIA,2012,БІЛИЙ,БЕНЗИН АБО ГАЗ,ВА0142ЕМ
02.03.2021,SKODA,SUPERB,2012,СИНІЙ,ДИЗЕЛЬНЕ ПАЛИВО,ВО5643СР
23.01.2021,SKODA,SUPERB,2012,КОРИЧНЕВИЙ,ДИЗЕЛЬНЕ ПАЛИВО,ВВ8167ЕО
21.01.2021,SKODA,OCTAVIA,2012,БІЛИЙ,ДИЗЕЛЬНЕ ПАЛИВО,ВМ8214СК
21.01.2021,SKODA,OCTAVIA,2012,БІЛИЙ,ДИЗЕЛЬНЕ ПАЛИВО,ВМ8214СК
29.01.2021,SKODA,OCTAVIA,2012,БІЛИЙ,ДИЗЕЛЬНЕ ПАЛИВО,ВМ8214СК
29.01.2021,SKODA,OCTAVIA,2012,БІЛИЙ,ДИЗЕЛЬНЕ ПАЛИВО,ВМ8214СК
10.02.2021,SKODA,FABIA,2012,ЧОРНИЙ,ДИЗЕЛЬНЕ ПАЛИВО,АС4587ВХ
13.01.2021,SKODA,OCTAVIA,2012,СІРИЙ,ДИЗЕЛЬНЕ ПАЛИВО,СА6719ІЕ
08.01.2021,SKODA,OCTAVIA A5,2012,СІРИЙ,БЕНЗИН,АМ6002ЕІ
12.02.2021,SKODA,SUPERB,2012,СІРИЙ,ДИЗЕЛЬНЕ ПАЛИВО,ВС8557ЕХ
05.01.2021,SKODA,OCTAVIA,2012,ЧОРНИЙ,ДИЗЕЛЬНЕ ПАЛИВО,АХ0786ІР
05.02.2021,SKODA,OCTAVIA A5,2012,ЧОРНИЙ,БЕНЗИН,ВМ7100СМ
20.03.2021,SKODA,OCTAVIA A5,2012,ЧОРНИЙ,БЕНЗИН,ВІ5437НА
23.02.2021,SKODA,OCTAVIA COMBI,2012,БІЛИЙ,ДИЗЕЛЬНЕ ПАЛИВО,АЕ1854ОХ
30.01.2021,SKODA,OCTAVIA,2012,СІРИЙ,ДИЗЕЛЬНЕ ПАЛИВО,АО5005НК
16.01.2021,SKODA,OCTAVIA A5,2012,СІРИЙ,БЕНЗИН,ВС8132МС
18.03.2021,SKODA,OCTAVIA,2012,СИНІЙ,ДИЗЕЛЬНЕ ПАЛИВО,АО4773ЕХ
13.03.2021,SKODA,OCTAVIA,2012,БІЛИЙ,ДИЗЕЛЬНЕ ПАЛИВО,ВС7611МК
16.03.2021,SKODA,OCTAVIA,2012,СІРИЙ,ДИЗЕЛЬНЕ ПАЛИВО,ВС2481ММ
24.02.2021,SKODA,SUPERB,2012,БІЛИЙ,БЕНЗИН,АЕ6383ОМ
10.03.2021,SKODA,ROOMSTER,2012,БІЛИЙ,ДИЗЕЛЬНЕ ПАЛИВО,ВА9518ЕК
05.03.2021,SKODA,OCTAVIA A5,2012,БІЛИЙ,ДИЗЕЛЬНЕ ПАЛИВО,СЕ9554СТ
20.03.2021,SKODA,OCTAVIA,2012,СІРИЙ,БЕНЗИН,АІ1216МО
26.01.2021,SKODA,OCTAVIA A5 COMBI,2012,БІЛИЙ,БЕНЗИН АБО ГАЗ,АХ3540ЕХ
16.02.2021,SKODA,OCTAVIA,2012,БІЛИЙ,ДИЗЕЛЬНЕ ПАЛИВО,АА8549РО
16.02.2021,SKODA,OCTAVIA,2012,БІЛИЙ,ДИЗЕЛЬНЕ ПАЛИВО,ВМ1045СМ
12.03.2021,SKODA,OCTAVIA A5,2012,СІРИЙ,БЕНЗИН АБО ГАЗ,АЕ0456ОМ
23.02.2021,SKODA,FABIA,2012,БІЛИЙ,ДИЗЕЛЬНЕ ПАЛИВО,АЕ6631ОР
04.02.2021,SKODA,FABIA,2012,БІЛИЙ,ДИЗЕЛЬНЕ ПАЛИВО,АЕ6631ОР
24.02.2021,SKODA,OCTAVIA,2012,ЧОРНИЙ,ДИЗЕЛЬНЕ ПАЛИВО,АМ9215ЕО
06.03.2021,SKODA,ROOMSTER,2012,СІРИЙ,ДИЗЕЛЬНЕ ПАЛИВО,АЕ6560ОТ
05.02.2021,SKODA,FABIA,2012,БЕЖЕВИЙ,БЕНЗИН АБО ГАЗ,ВА9997АА
02.03.2021,SKODA,FABIA,2012,ЧЕРВОНИЙ,ДИЗЕЛЬНЕ ПАЛИВО,АС2608ЕМ
19.02.2021,SKODA,OCTAVIA,2012,СІРИЙ,ДИЗЕЛЬНЕ ПАЛИВО,АО9252ЕХ
09.02.2021,SKODA,OCTAVIA,2012,ЧОРНИЙ,ДИЗЕЛЬНЕ ПАЛИВО,ВС2365МІ
20.03.2021,SKODA,OCTAVIA,2012,СІРИЙ,ДИЗЕЛЬНЕ ПАЛИВО,ВС2199ММ
06.03.2021,SKODA,OCTAVIA,2012,СІРИЙ,ДИЗЕЛЬНЕ ПАЛИВО,ВС0100ОМ
16.02.2021,SKODA,OCTAVIA,2012,ЧОРНИЙ,ДИЗЕЛЬНЕ ПАЛИВО,ВО2447СР
13.02.2021,SKODA,OCTAVIA A5,2012,БЕЖЕВИЙ,БЕНЗИН АБО ГАЗ,ВС0669МК
03.02.2021,SKODA,FABIA,2012,СИНІЙ,ДИЗЕЛЬНЕ ПАЛИВО,АІ8203МІ
05.03.2021,SKODA,OCTAVIA,2012,СИНІЙ,ДИЗЕЛЬНЕ ПАЛИВО,АІ0011АХ
05.03.2021,SKODA,OCTAVIA,2012,СИНІЙ,ДИЗЕЛЬНЕ ПАЛИВО,КА0437СЕ
02.02.2021,SKODA,FABIA,2012,СИНІЙ,ДИЗЕЛЬНЕ ПАЛИВО,АЕ2769РА
19.01.2021,SKODA,FABIA,2012,БІЛИЙ,БЕНЗИН,АЕ2587ОТ
23.03.2021,SKODA,OCTAVIA A5,2012,ЧОРНИЙ,БЕНЗИН,АЕ3840РС
19.03.2021,SKODA,OCTAVIA A5,2012,ЧОРНИЙ,БЕНЗИН,АН3622МС
31.03.2021,SKODA,OCTAVIA A5,2012,СИНІЙ,БЕНЗИН,АІ3581МО
05.02.2021,SKODA,FABIA,2012,БІЛИЙ,БЕНЗИН,КА8493ВМ
13.03.2021,SKODA,FABIA,2012,БІЛИЙ,БЕНЗИН,АІ9057КХ
12.03.2021,SKODA,FABIA,2012,СІРИЙ,БЕНЗИН,АВ3609НР
12.03.2021,SKODA,FABIA,2012,СІРИЙ,БЕНЗИН,АА0780ХІ
10.03.2021,SKODA,FABIA,2012,СИНІЙ,БЕНЗИН,АО1294НА
31.03.2021,SKODA,OCTAVIA A5,2012,СІРИЙ,БЕНЗИН,СА1511ІР
23.02.2021,SKODA,OCTAVIA A5,2012,БЕЖЕВИЙ,БЕНЗИН,АЕ5939ОХ
23.01.2021,SKODA,SUPERB,2012,ФІОЛЕТОВИЙ,БЕНЗИН,ВС8052МЕ
05.02.2021,SKODA,FABIA,2012,СІРИЙ,БЕНЗИН,АІ8246МІ
12.02.2021,SKODA,OCTAVIA,2012,СИНІЙ,ДИЗЕЛЬНЕ ПАЛИВО,АМ4614ЕО
10.03.2021,SKODA,FABIA,2012,СИНІЙ,ДИЗЕЛЬНЕ ПАЛИВО,ВІ4015НА
06.01.2021,SKODA,OCTAVIA,2012,СІРИЙ,ДИЗЕЛЬНЕ ПАЛИВО,ВМ2396СМ
03.02.2021,SKODA,OCTAVIA,2012,ЧОРНИЙ,БЕНЗИН,АТ2263ЕМ
29.01.2021,SKODA,OCTAVIA A5,2012,БІЛИЙ,ДИЗЕЛЬНЕ ПАЛИВО,АС1003ЕК
12.02.2021,SKODA,OCTAVIA A5,2012,БІЛИЙ,БЕНЗИН,АЕ1307ОТ
02.02.2021,SKODA,OCTAVIA A5,2012,БІЛИЙ,БЕНЗИН,АЕ3952РА
23.03.2021,SKODA,OCTAVIA A5,2012,БІЛИЙ,БЕНЗИН,АХ4989КТ
17.02.2021,SKODA,OCTAVIA A5,2012,БЕЖЕВИЙ,БЕНЗИН АБО ГАЗ,АЕ3863ОХ
12.03.2021,SKODA,OCTAVIA A5,2012,СІРИЙ,БЕНЗИН,КА0985СР
05.02.2021,SKODA,FABIA,2012,БІЛИЙ,ДИЗЕЛЬНЕ ПАЛИВО,АТ0393ЕО
20.02.2021,SKODA,SUPERB,2012,СИНІЙ,ДИЗЕЛЬНЕ ПАЛИВО,АО7988ЕХ
24.03.2021,SKODA,OCTAVIA A5,2012,СИНІЙ,ДИЗЕЛЬНЕ ПАЛИВО,АО6497НА
10.03.2021,SKODA,SUPERB,2012,ЧОРНИЙ,БЕНЗИН,АЕ0396ОІ
04.03.2021,SKODA,FABIA,2012,СИНІЙ,БЕНЗИН,ВС3967МВ
02.02.2021,SKODA,OCTAVIA A5,2012,СІРИЙ,ДИЗЕЛЬНЕ ПАЛИВО,АО1646НА
22.01.2021,SKODA,SUPERB,2012,СИНІЙ,ДИЗЕЛЬНЕ ПАЛИВО,АМ0702ЕР
13.01.2021,SKODA,OCTAVIA,2012,ЧОРНИЙ,БЕНЗИН,АВ4220НТ
22.01.2021,SKODA,FABIA,2012,БІЛИЙ,БЕНЗИН,ВІ2674ВО
02.02.2021,SKODA,OCTAVIA,2012,ЧОРНИЙ,ДИЗЕЛЬНЕ ПАЛИВО,ВС4831МК
03.03.2021,SKODA,OCTAVIA,2012,ЧОРНИЙ,ДИЗЕЛЬНЕ ПАЛИВО,ВС0885МЕ
23.03.2021,SKODA,OCTAVIA A5,2012,СІРИЙ,БЕНЗИН,АВ5938НХ
14.01.2021,SKODA,OCTAVIA A5,2012,БІЛИЙ,БЕНЗИН,АВ4199НО
19.03.2021,SKODA,SUPERB,2012,СІРИЙ,ДИЗЕЛЬНЕ ПАЛИВО,АІ1647МК
06.03.2021,SKODA,OCTAVIA,2012,СІРИЙ,ДИЗЕЛЬНЕ ПАЛИВО,КА1474СО
16.02.2021,SKODA,SUPERB,2012,БІЛИЙ,ДИЗЕЛЬНЕ ПАЛИВО,ВК3882НС
18.03.2021,SKODA,FABIA,2012,СИНІЙ,ДИЗЕЛЬНЕ ПАЛИВО,АВ8837ЕН
17.02.2021,SKODA,OCTAVIA,2012,СІРИЙ,ДИЗЕЛЬНЕ ПАЛИВО,ВХ1553ЕО
30.03.2021,SKODA,FABIA,2012,СИНІЙ,БЕНЗИН,ВС5628МІ
18.03.2021,SKODA,OCTAVIA A5,2012,ЧОРНИЙ,БЕНЗИН,КА4506СА
23.02.2021,SKODA,OCTAVIA A5,2012,СІРИЙ,БЕНЗИН АБО ГАЗ,ВА7190ЕК
02.02.2021,SKODA,SUPERB,2012,СІРИЙ,ДИЗЕЛЬНЕ ПАЛИВО,КА3005ВС
27.03.2021,SKODA,OCTAVIA A5,2012,СІРИЙ,БЕНЗИН,АЕ3789РС
23.02.2021,SKODA,FABIA,2012,БІЛИЙ,БЕНЗИН АБО ГАЗ,АХ0489СТ
26.02.2021,SKODA,OCTAVIA,2012,СИНІЙ,ДИЗЕЛЬНЕ ПАЛИВО,ВС3415МК
19.02.2021,SKODA,SUPERB,2012,ЧЕРВОНИЙ,БЕНЗИН,ВО5254СР
04.02.2021,SKODA,FABIA,2012,БІЛИЙ,ДИЗЕЛЬНЕ ПАЛИВО,ВС6269МК
23.03.2021,SKODA,OCTAVIA,2012,СІРИЙ,БЕНЗИН,АМ0786ЕТ
12.03.2021,SKODA,FABIA,2012,СИНІЙ,ДИЗЕЛЬНЕ ПАЛИВО,КА4058СР
13.03.2021,SKODA,FABIA,2012,ЧЕРВОНИЙ,ДИЗЕЛЬНЕ ПАЛИВО,ВА2837СЕ
09.01.2021,SKODA,OCTAVIA,2012,ЧОРНИЙ,ДИЗЕЛЬНЕ ПАЛИВО,ВЕ5611ЕК
15.01.2021,SKODA,FABIA,2012,СІРИЙ,ДИЗЕЛЬНЕ ПАЛИВО,АТ1873ЕР
27.01.2021,SKODA,OCTAVIA,2012,ЧОРНИЙ,ДИЗЕЛЬНЕ ПАЛИВО,СА9577ІА
10.02.2021,SKODA,FABIA,2012,БІЛИЙ,ДИЗЕЛЬНЕ ПАЛИВО,ВХ9695ЕМ
12.02.2021,SKODA,OCTAVIA A5,2012,БЕЖЕВИЙ,БЕНЗИН,ВМ6001СМ
30.03.2021,SKODA,OCTAVIA A5,2012,БЕЖЕВИЙ,БЕНЗИН,АЕ5169РВ
23.02.2021,SKODA,SUPERB,2012,ЧОРНИЙ,ДИЗЕЛЬНЕ ПАЛИВО,АС0227СА
22.01.2021,SKODA,OCTAVIA,2012,ЧОРНИЙ,ДИЗЕЛЬНЕ ПАЛИВО,ВХ6836ЕМ
09.01.2021,SKODA,SUPERB,2012,ЧОРНИЙ,ДИЗЕЛЬНЕ ПАЛИВО,АХ5075КВ
06.03.2021,SKODA,OCTAVIA,2012,БІЛИЙ,ДИЗЕЛЬНЕ ПАЛИВО,АО5603НА
11.02.2021,SKODA,YETI,2012,БІЛИЙ,БЕНЗИН,КА3621ВО
03.03.2021,SKODA,SUPERB,2012,ЧОРНИЙ,ДИЗЕЛЬНЕ ПАЛИВО,СЕ8269СТ
24.03.2021,SKODA,OCTAVIA A5,2012,БЕЖЕВИЙ,БЕНЗИН,АІ8501СХ
03.03.2021,SKODA,FABIA,2012,СІРИЙ,БЕНЗИН,АТ9811ЕО
02.03.2021,SKODA,OCTAVIA,2012,БІЛИЙ,БЕНЗИН,ВІ0678НА
15.01.2021,SKODA,FABIA,2012,БІЛИЙ,БЕНЗИН,ВТ7466СМ
10.02.2021,SKODA,OCTAVIA A5,2012,СІРИЙ,БЕНЗИН,ВА8900АХ
20.03.2021,SKODA,OCTAVIA A5,2012,СІРИЙ,БЕНЗИН,ВА5888ВЕ
16.01.2021,SKODA,OCTAVIA A5,2012,ЧОРНИЙ,БЕНЗИН,ВХ0393ЕР
20.03.2021,SKODA,OCTAVIA A5,2012,ЧОРНИЙ,БЕНЗИН,ВХ6141ЕО
04.01.2021,SKODA,OCTAVIA A5,2012,СІРИЙ,БЕНЗИН АБО ГАЗ,АР9833ІА
23.02.2021,SKODA,ROOMSTER,2012,СИНІЙ,БЕНЗИН АБО ГАЗ,ВО5382СР
17.02.2021,SKODA,FABIA,2012,ЧОРНИЙ,БЕНЗИН,АЕ5112ОІ
23.03.2021,SKODA,OCTAVIA A5,2012,СІРИЙ,ДИЗЕЛЬНЕ ПАЛИВО,АО6783НА
10.02.2021,SKODA,OCTAVIA,2012,БІЛИЙ,ДИЗЕЛЬНЕ ПАЛИВО,ВІ9328ЕХ
02.02.2021,SKODA,FABIA,2012,БІЛИЙ,ДИЗЕЛЬНЕ ПАЛИВО,АХ8860КВ
04.03.2021,SKODA,FABIA,2012,СІРИЙ,БЕНЗИН АБО ГАЗ,ВС7945МН
06.02.2021,SKODA,OCTAVIA A5,2012,СІРИЙ,БЕНЗИН,КА1557СР
14.02.2021,SKODA,ROOMSTER,2012,СИНІЙ,БЕНЗИН,КА2975СР
06.02.2021,SKODA,ROOMSTER,2012,БІЛИЙ,ДИЗЕЛЬНЕ ПАЛИВО,ВА4998ВХ
25.02.2021,SKODA,OCTAVIA,2012,БІЛИЙ,ДИЗЕЛЬНЕ ПАЛИВО,АО7756СІ
26.01.2021,SKODA,OCTAVIA,2012,ЧОРНИЙ,ДИЗЕЛЬНЕ ПАЛИВО,АО2281НА
05.01.2021,SKODA,OCTAVIA,2012,БІЛИЙ,ДИЗЕЛЬНЕ ПАЛИВО,АО7683ЕХ
18.02.2021,SKODA,SUPERB,2012,БІЛИЙ,БЕНЗИН,АЕ5727ОХ
20.02.2021,SKODA,ROOMSTER,2012,СИНІЙ,ДИЗЕЛЬНЕ ПАЛИВО,СА8750ІВ
26.02.2021,SKODA,OCTAVIA,2012,БІЛИЙ,ДИЗЕЛЬНЕ ПАЛИВО,ВС1212ЕТ
03.03.2021,SKODA,SUPERB,2012,СІРИЙ,ДИЗЕЛЬНЕ ПАЛИВО,ВС6848МІ
11.02.2021,SKODA,FABIA,2012,СІРИЙ,ДИЗЕЛЬНЕ ПАЛИВО,АТ0232ЕР
18.02.2021,SKODA,OCTAVIA TOUR,2012,СІРИЙ,БЕНЗИН,ВМ6334АХ
05.01.2021,SKODA,OCTAVIA,2012,ЧОРНИЙ,ДИЗЕЛЬНЕ ПАЛИВО,ВО8824СМ
05.01.2021,SKODA,OCTAVIA,2012,ЧОРНИЙ,ДИЗЕЛЬНЕ ПАЛИВО,ВО7920ВМ
26.01.2021,SKODA,OCTAVIA,2012,СІРИЙ,ДИЗЕЛЬНЕ ПАЛИВО,АО5685ЕХ
17.02.2021,SKODA,OCTAVIA,2012,БІЛИЙ,БЕНЗИН АБО ГАЗ,АТ3596ЕР
28.01.2021,SKODA,OCTAVIA,2012,СІРИЙ,ДИЗЕЛЬНЕ ПАЛИВО,АТ2508ЕР
16.03.2021,SKODA,FABIA,2012,СІРИЙ,БЕНЗИН,ВС6774КО
16.03.2021,SKODA,FABIA,2012,СІРИЙ,БЕНЗИН,ВС1405ММ
06.02.2021,SKODA,ROOMSTER,2012,СІРИЙ,БЕНЗИН АБО ГАЗ,ВМ7637АТ
05.03.2021,SKODA,OCTAVIA,2012,ЧОРНИЙ,ДИЗЕЛЬНЕ ПАЛИВО,ВС8055НР
27.03.2021,SKODA,SUPERB,2012,ЗЕЛЕНИЙ,ДИЗЕЛЬНЕ ПАЛИВО,АО5943НА
26.01.2021,SKODA,OCTAVIA,2012,ЧОРНИЙ,ДИЗЕЛЬНЕ ПАЛИВО,АО1061ЕХ
05.03.2021,SKODA,FABIA,2012,СІРИЙ,ДИЗЕЛЬНЕ ПАЛИВО,ВК4158НН
09.01.2021,SKODA,OCTAVIA,2012,СІРИЙ,ДИЗЕЛЬНЕ ПАЛИВО,ВН2301МР
31.03.2021,SKODA,OCTAVIA,2012,ЧОРНИЙ,БЕНЗИН,КА1396СН
23.01.2021,SKODA,SUPERB,2012,КОРИЧНЕВИЙ,ДИЗЕЛЬНЕ ПАЛИВО,АІ9179МІ
26.01.2021,SKODA,OCTAVIA,2012,СІРИЙ,ДИЗЕЛЬНЕ ПАЛИВО,АО0950НА
11.02.2021,SKODA,FABIA,2012,БІЛИЙ,БЕНЗИН,ВН6782ОЕ
25.02.2021,SKODA,OCTAVIA,2012,БІЛИЙ,ДИЗЕЛЬНЕ ПАЛИВО,АВ2721НТ
28.01.2021,SKODA,OCTAVIA A5,2012,БЕЖЕВИЙ,БЕНЗИН,ВМ5812СМ
25.02.2021,SKODA,OCTAVIA COMBI,2012,СІРИЙ,ДИЗЕЛЬНЕ ПАЛИВО,АІ3714МК
16.03.2021,SKODA,OCTAVIA A5 COMBI,2012,ЧОРНИЙ,ДИЗЕЛЬНЕ ПАЛИВО,КА0831ВТ
04.01.2021,SKODA,FABIA,2012,БІЛИЙ,БЕНЗИН АБО ГАЗ,ВН8715ОС
27.02.2021,SKODA,OCTAVIA,2012,БІЛИЙ,ДИЗЕЛЬНЕ ПАЛИВО,СЕ3302СХ
23.03.2021,SKODA,FABIA,2012,БІЛИЙ,БЕНЗИН АБО ГАЗ,ВІ6389ЕХ
12.01.2021,SKODA,FABIA,2012,СИНІЙ,ДИЗЕЛЬНЕ ПАЛИВО,АЕ6992ОЕ
09.01.2021,SKODA,SUPERB,2012,СІРИЙ,ДИЗЕЛЬНЕ ПАЛИВО,АС7670СА
21.02.2021,SKODA,SUPERB,2012,БІЛИЙ,ДИЗЕЛЬНЕ ПАЛИВО,СА2133ІС
27.03.2021,SKODA,FABIA,2012,БІЛИЙ,ДИЗЕЛЬНЕ ПАЛИВО,СЕ1349СТ
12.01.2021,SKODA,OCTAVIA,2012,БІЛИЙ,ДИЗЕЛЬНЕ ПАЛИВО,АО9463ЕХ
27.03.2021,SKODA,FABIA,2012,БІЛИЙ,БЕНЗИН,АО2116НА
05.03.2021,SKODA,FABIA,2012,БІЛИЙ,БЕНЗИН,ВН6726ОК
12.01.2021,SKODA,OCTAVIA,2012,ЧОРНИЙ,ДИЗЕЛЬНЕ ПАЛИВО,АВ4274НТ
23.01.2021,SKODA,OCTAVIA A5,2012,СІРИЙ,БЕНЗИН АБО ГАЗ,АІ9451МН
11.03.2021,SKODA,OCTAVIA A5,2012,СІРИЙ,БЕНЗИН АБО ГАЗ,АМ1263ЕТ
06.01.2021,SKODA,OCTAVIA,2012,СИНІЙ,ДИЗЕЛЬНЕ ПАЛИВО,АО6975ЕХ
04.01.2021,SKODA,OCTAVIA,2012,СИНІЙ,ДИЗЕЛЬНЕ ПАЛИВО,АО7653ЕХ
30.01.2021,SKODA,OCTAVIA,2012,СІРИЙ,ДИЗЕЛЬНЕ ПАЛИВО,ВА6312ЕІ
26.01.2021,SKODA,OCTAVIA A5,2012,СІРИЙ,БЕНЗИН,АА8404ТМ
05.01.2021,SKODA,OCTAVIA,2012,БІЛИЙ,ДИЗЕЛЬНЕ ПАЛИВО,АО4981ЕХ
09.02.2021,SKODA,FABIA,2012,СИНІЙ,ДИЗЕЛЬНЕ ПАЛИВО,ВН6577ОН
20.02.2021,SKODA,OCTAVIA A5,2012,ЧОРНИЙ,ДИЗЕЛЬНЕ ПАЛИВО,АО8036ЕХ
18.03.2021,SKODA,FABIA,2012,БІЛИЙ,ДИЗЕЛЬНЕ ПАЛИВО,АЕ9962РК
16.03.2021,SKODA,YETI,2012,СІРИЙ,ДИЗЕЛЬНЕ ПАЛИВО,АМ8837ЕР
05.03.2021,SKODA,OCTAVIA,2012,БІЛИЙ,ДИЗЕЛЬНЕ ПАЛИВО,ВО0131СО
24.03.2021,SKODA,OCTAVIA,2012,БІЛИЙ,ДИЗЕЛЬНЕ ПАЛИВО,ВО9988ВК
05.01.2021,SKODA,OCTAVIA A5 COMBI,2012,СІРИЙ,БЕНЗИН,КА1988ІІ
23.01.2021,SKODA,FABIA,2012,БІЛИЙ,БЕНЗИН АБО ГАЗ,КА4798СР
20.03.2021,SKODA,OCTAVIA,2012,СІРИЙ,ДИЗЕЛЬНЕ ПАЛИВО,АІ9557МС
18.03.2021,SKODA,OCTAVIA,2012,СІРИЙ,ДИЗЕЛЬНЕ ПАЛИВО,АО6398НА
12.02.2021,SKODA,FABIA,2012,БІЛИЙ,БЕНЗИН,АО3257НА
10.02.2021,SKODA,FABIA,2012,СІРИЙ,БЕНЗИН,СА4566НР
03.02.2021,SKODA,FABIA,2012,БІЛИЙ,ДИЗЕЛЬНЕ ПАЛИВО,АО0183НА
16.03.2021,SKODA,OCTAVIA A5,2012,СІРИЙ,ДИЗЕЛЬНЕ ПАЛИВО,ВС4039МІ
16.01.2021,SKODA,OCTAVIA,2012,СІРИЙ,ДИЗЕЛЬНЕ ПАЛИВО,ВО5333АВ
10.02.2021,SKODA,OCTAVIA,2012,СІРИЙ,ДИЗЕЛЬНЕ ПАЛИВО,ВС7146МК
04.02.2021,SKODA,FABIA,2012,СІРИЙ,ДИЗЕЛЬНЕ ПАЛИВО,ВС3546МК
11.02.2021,SKODA,FABIA,2012,СІРИЙ,БЕНЗИН,СВ0984СХ
29.01.2021,SKODA,FABIA,2012,СІРИЙ,БЕНЗИН,ВХ9626СХ
27.03.2021,SKODA,FABIA,2012,СІРИЙ,ДИЗЕЛЬНЕ ПАЛИВО,АС8293СВ
26.01.2021,SKODA,SUPERB,2012,ЧОРНИЙ,ДИЗЕЛЬНЕ ПАЛИВО,ВМ3690СО
13.02.2021,SKODA,OCTAVIA A5,2012,БЕЖЕВИЙ,БЕНЗИН,КА3671ВХ
04.02.2021,SKODA,SUPERB,2012,БІЛИЙ,ДИЗЕЛЬНЕ ПАЛИВО,АЕ8996РВ
13.01.2021,SKODA,OCTAVIA,2012,БІЛИЙ,ДИЗЕЛЬНЕ ПАЛИВО,АО5421ЕХ
27.02.2021,SKODA,FABIA,2012,БІЛИЙ,БЕНЗИН,АІ3788МК
29.01.2021,SKODA,FABIA,2012,ЗЕЛЕНИЙ,БЕНЗИН,АЕ6796РА
11.03.2021,SKODA,FABIA,2012,БЕЖЕВИЙ,БЕНЗИН АБО ГАЗ,ВМ6355СО
21.01.2021,SKODA,OCTAVIA,2012,БІЛИЙ,ДИЗЕЛЬНЕ ПАЛИВО,АІ0963КО
11.02.2021,SKODA,OCTAVIA,2012,СІРИЙ,ДИЗЕЛЬНЕ ПАЛИВО,АХ5359НК
29.01.2021,SKODA,OCTAVIA,2012,СІРИЙ,ДИЗЕЛЬНЕ ПАЛИВО,ВС8008ІА
13.03.2021,SKODA,SUPERB,2012,СІРИЙ,ДИЗЕЛЬНЕ ПАЛИВО,ВК7004НН
27.01.2021,SKODA,SUPERB,2012,БІЛИЙ,ДИЗЕЛЬНЕ ПАЛИВО,АТ5764ЕО
27.02.2021,SKODA,OCTAVIA,2012,СІРИЙ,ДИЗЕЛЬНЕ ПАЛИВО,ВВ3290ЕР
05.01.2021,SKODA,FABIA,2012,ЧОРНИЙ,ДИЗЕЛЬНЕ ПАЛИВО,ВС6658МН
13.02.2021,SKODA,FABIA,2012,СІРИЙ,ДИЗЕЛЬНЕ ПАЛИВО,АО8375ЕХ
12.03.2021,SKODA,OCTAVIA,2012,СІРИЙ,ДИЗЕЛЬНЕ ПАЛИВО,АО5728НА
04.02.2021,SKODA,FABIA,2012,БІЛИЙ,БЕНЗИН,СВ8278СХ
13.03.2021,SKODA,FABIA,2012,БІЛИЙ,БЕНЗИН,СВ8278СХ
09.02.2021,SKODA,OCTAVIA,2012,БІЛИЙ,ДИЗЕЛЬНЕ ПАЛИВО,ВС0564МК
17.03.2021,SKODA,FABIA,2012,СІРИЙ,ДИЗЕЛЬНЕ ПАЛИВО,АО6347НА
30.01.2021,SKODA,YETI,2012,КОРИЧНЕВИЙ,БЕНЗИН,АР5382ІА
26.01.2021,SKODA,FABIA,2012,БІЛИЙ,БЕНЗИН АБО ГАЗ,АО0932НА
24.02.2021,SKODA,FABIA,2012,ЧОРНИЙ,БЕНЗИН АБО ГАЗ,АХ4838ІТ
03.03.2021,SKODA,OCTAVIA,2012,СІРИЙ,ДИЗЕЛЬНЕ ПАЛИВО,АІ2111ІМ
31.03.2021,SKODA,OCTAVIA,2012,ЧОРНИЙ,ДИЗЕЛЬНЕ ПАЛИВО,АТ4952ЕР
13.03.2021,SKODA,OCTAVIA,2012,БІЛИЙ,ДИЗЕЛЬНЕ ПАЛИВО,СА3153ІЕ
26.02.2021,SKODA,OCTAVIA,2012,ЧОРНИЙ,ДИЗЕЛЬНЕ ПАЛИВО,ВС6678КХ
11.03.2021,SKODA,OCTAVIA,2012,СІРИЙ,ДИЗЕЛЬНЕ ПАЛИВО,СА4571ІЕ
30.01.2021,SKODA,FABIA,2012,СІРИЙ,БЕНЗИН АБО ГАЗ,ВМ8231ВХ
30.01.2021,SKODA,FABIA,2012,СІРИЙ,БЕНЗИН АБО ГАЗ,ВМ8231ВХ
06.03.2021,SKODA,OCTAVIA,2012,БІЛИЙ,ДИЗЕЛЬНЕ ПАЛИВО,КА0651ВХ
03.02.2021,SKODA,FABIA,2012,СІРИЙ,ДИЗЕЛЬНЕ ПАЛИВО,ВН3583ІР
04.03.2021,SKODA,OCTAVIA,2012,БІЛИЙ,ДИЗЕЛЬНЕ ПАЛИВО,ВС2915НМ
26.02.2021,SKODA,SUPERB,2012,ЧОРНИЙ,ДИЗЕЛЬНЕ ПАЛИВО,АІ6549МС
03.02.2021,SKODA,FABIA,2012,СИНІЙ,БЕНЗИН,АО0182НА
21.01.2021,SKODA,OCTAVIA,2012,ЧОРНИЙ,ДИЗЕЛЬНЕ ПАЛИВО,СА5407ІЕ
13.02.2021,SKODA,OCTAVIA,2012,ЧОРНИЙ,ДИЗЕЛЬНЕ ПАЛИВО,СА9067ІС
03.03.2021,SKODA,FABIA,2012,СІРИЙ,ДИЗЕЛЬНЕ ПАЛИВО,ВХ7268ЕМ
10.03.2021,SKODA,FABIA,2012,СИНІЙ,ДИЗЕЛЬНЕ ПАЛИВО,АО5618НА
12.02.2021,SKODA,FABIA,2012,БЕЖЕВИЙ,БЕНЗИН АБО ГАЗ,АІ8391МІ
30.01.2021,SKODA,OCTAVIA,2012,БІЛИЙ,ДИЗЕЛЬНЕ ПАЛИВО,ВМ4154СМ
22.01.2021,SKODA,FABIA,2012,БІЛИЙ,ДИЗЕЛЬНЕ ПАЛИВО,ВО3375ВХ
09.02.2021,SKODA,OCTAVIA A5,2012,СІРИЙ,ДИЗЕЛЬНЕ ПАЛИВО,ВА5892ЕК
16.03.2021,SKODA,OCTAVIA,2012,СІРИЙ,ДИЗЕЛЬНЕ ПАЛИВО,АІ5240МК
05.02.2021,SKODA,OCTAVIA,2012,ЧОРНИЙ,ДИЗЕЛЬНЕ ПАЛИВО,АС2844ЕМ
06.02.2021,SKODA,FABIA,2012,СІРИЙ,ДИЗЕЛЬНЕ ПАЛИВО,АТ0570ЕО
03.03.2021,SKODA,FABIA,2012,СІРИЙ,ДИЗЕЛЬНЕ ПАЛИВО,ВС0865НТ
26.03.2021,SKODA,FABIA,2012,ЧОРНИЙ,ДИЗЕЛЬНЕ ПАЛИВО,АС0624ЕО
18.02.2021,SKODA,OCTAVIA,2012,ЧОРНИЙ,ДИЗЕЛЬНЕ ПАЛИВО,АО7857ЕХ
16.02.2021,SKODA,OCTAVIA A5,2012,СІРИЙ,БЕНЗИН,ВВ0338ЕТ
05.03.2021,SKODA,OCTAVIA A5,2012,ЧОРНИЙ,БЕНЗИН,ВВ0801ЕХ
24.03.2021,SKODA,FABIA,2012,БІЛИЙ,БЕНЗИН,ВІ4054НА
09.02.2021,SKODA,OCTAVIA,2012,СІРИЙ,ДИЗЕЛЬНЕ ПАЛИВО,АО4700НА
27.01.2021,SKODA,OCTAVIA,2012,СИНІЙ,ДИЗЕЛЬНЕ ПАЛИВО,ВО7220СР
19.02.2021,SKODA,ROOMSTER,2012,СИНІЙ,БЕНЗИН АБО ГАЗ,АС3130ЕМ
17.03.2021,SKODA,OCTAVIA,2012,СІРИЙ,ДИЗЕЛЬНЕ ПАЛИВО,СА3860СН
17.03.2021,SKODA,OCTAVIA,2012,СІРИЙ,ДИЗЕЛЬНЕ ПАЛИВО,ВО1352СХ
16.03.2021,SKODA,OCTAVIA,2012,БІЛИЙ,ДИЗЕЛЬНЕ ПАЛИВО,АО6525НА
06.02.2021,SKODA,OCTAVIA,2012,ЧОРНИЙ,ДИЗЕЛЬНЕ ПАЛИВО,АТ1341ЕО
19.03.2021,SKODA,OCTAVIA,2012,ЧОРНИЙ,ДИЗЕЛЬНЕ ПАЛИВО,АТ4315ЕТ
24.03.2021,SKODA,OCTAVIA A5,2012,СІРИЙ,БЕНЗИН,АН3398ОН
23.03.2021,SKODA,OCTAVIA A5,2012,БЕЖЕВИЙ,БЕНЗИН,КА3724СА
09.02.2021,SKODA,OCTAVIA,2012,СІРИЙ,ДИЗЕЛЬНЕ ПАЛИВО,АТ4799ЕО
06.01.2021,SKODA,SUPERB,2012,БЕЖЕВИЙ,БЕНЗИН,АН7799КР
29.01.2021,SKODA,FABIA,2012,БІЛИЙ,ДИЗЕЛЬНЕ ПАЛИВО,АХ8794КВ
08.01.2021,SKODA,OCTAVIA,2012,СІРИЙ,ДИЗЕЛЬНЕ ПАЛИВО,ВО0899СО
31.03.2021,SKODA,OCTAVIA COMBI,2012,БІЛИЙ,ДИЗЕЛЬНЕ ПАЛИВО,ВС2434ММ
16.01.2021,SKODA,OCTAVIA A5,2012,БІЛИЙ,БЕНЗИН АБО ГАЗ,ВІ6457ЕХ
27.03.2021,SKODA,OCTAVIA A5,2012,СІРИЙ,ДИЗЕЛЬНЕ ПАЛИВО,АТ7931ЕР
09.01.2021,SKODA,SUPERB,2012,БІЛИЙ,БЕНЗИН,ВВ0460ЕР
27.01.2021,SKODA,SUPERB,2012,ЧОРНИЙ,БЕНЗИН,АН7865ОІ
27.02.2021,SKODA,FABIA,2012,СИНІЙ,ДИЗЕЛЬНЕ ПАЛИВО,КА3092СР
27.02.2021,SKODA,FABIA,2012,СИНІЙ,БЕНЗИН АБО ГАЗ,КА1146СО
17.03.2021,SKODA,FABIA,2012,СИНІЙ,БЕНЗИН АБО ГАЗ,КА0919СО
19.03.2021,SKODA,OCTAVIA,2012,БІЛИЙ,БЕНЗИН АБО ГАЗ,АЕ4481РА
04.03.2021,SKODA,FABIA,2012,ЧЕРВОНИЙ,БЕНЗИН АБО ГАЗ,АМ9551ЕО
04.03.2021,SKODA,OCTAVIA,2012,СІРИЙ,ДИЗЕЛЬНЕ ПАЛИВО,АО1239НА
12.01.2021,SKODA,FABIA,2012,СІРИЙ,БЕНЗИН АБО ГАЗ,ВІ5979ЕХ
02.02.2021,SKODA,FABIA,2012,СІРИЙ,ДИЗЕЛЬНЕ ПАЛИВО,АО1938ЕХ
19.02.2021,SKODA,SUPERB,2012,ЧОРНИЙ,ДИЗЕЛЬНЕ ПАЛИВО,ВК3398НЕ
04.03.2021,SKODA,OCTAVIA,2012,СІРИЙ,ДИЗЕЛЬНЕ ПАЛИВО,ВС5193МК
24.03.2021,SKODA,OCTAVIA,2012,СІРИЙ,БЕНЗИН АБО ГАЗ,ВІ3400ЕА
22.01.2021,SKODA,OCTAVIA,2012,ЧОРНИЙ,ДИЗЕЛЬНЕ ПАЛИВО,ВН6167МР
09.02.2021,SKODA,OCTAVIA,2012,СИНІЙ,ДИЗЕЛЬНЕ ПАЛИВО,СЕ6894СТ
30.03.2021,SKODA,OCTAVIA,2012,СІРИЙ,БЕНЗИН АБО ГАЗ,КА2380СВ
09.02.2021,SKODA,OCTAVIA,2012,СІРИЙ,БЕНЗИН АБО ГАЗ,АІ3346ІН
26.02.2021,SKODA,OCTAVIA,2012,ЧОРНИЙ,ДИЗЕЛЬНЕ ПАЛИВО,АО8156ЕХ
16.02.2021,SKODA,FABIA,2012,БІЛИЙ,БЕНЗИН АБО ГАЗ,АІ0266КР
20.01.2021,SKODA,SUPERB,2012,СИНІЙ,ДИЗЕЛЬНЕ ПАЛИВО,АТ0030СМ
05.01.2021,SKODA,FABIA,2012,СИНІЙ,БЕНЗИН,АТ9427ЕО
23.01.2021,SKODA,OCTAVIA COMBI,2012,СІРИЙ,ДИЗЕЛЬНЕ ПАЛИВО,АН6721ОІ
25.03.2021,SKODA,OCTAVIA A5 COMBI,2012,ЧОРНИЙ,ДИЗЕЛЬНЕ ПАЛИВО,АМ1455ЕТ
13.01.2021,SKODA,OCTAVIA,2012,БІЛИЙ,ДИЗЕЛЬНЕ ПАЛИВО,АО8874ЕХ
26.03.2021,SKODA,SUPERB,2012,СІРИЙ,ДИЗЕЛЬНЕ ПАЛИВО,ВО8075СІ
27.01.2021,SKODA,OCTAVIA,2012,СІРИЙ,ДИЗЕЛЬНЕ ПАЛИВО,АО1514НА
27.01.2021,SKODA,SUPERB,2012,ЧОРНИЙ,ДИЗЕЛЬНЕ ПАЛИВО,АА8808ХН
06.02.2021,SKODA,FABIA,2012,БІЛИЙ,БЕНЗИН АБО ГАЗ,АЕ4339РВ
06.02.2021,SKODA,FABIA,2012,БІЛИЙ,БЕНЗИН,ВС6860МІ
03.03.2021,SKODA,FABIA,2012,БІЛИЙ,БЕНЗИН АБО ГАЗ,ВС6860МІ
21.01.2021,SKODA,OCTAVIA,2012,ЧОРНИЙ,ДИЗЕЛЬНЕ ПАЛИВО,СА1833ІС
24.03.2021,SKODA,OCTAVIA,2012,ЧОРНИЙ,ДИЗЕЛЬНЕ ПАЛИВО,СВ5323ЕА
04.02.2021,SKODA,FABIA,2012,СІРИЙ,ДИЗЕЛЬНЕ ПАЛИВО,АІ2355МК
25.02.2021,SKODA,FABIA,2012,СІРИЙ,БЕНЗИН АБО ГАЗ,АЕ7538ОН
25.03.2021,SKODA,OCTAVIA,2012,ЧОРНИЙ,ДИЗЕЛЬНЕ ПАЛИВО,ВІ0078АЕ
28.01.2021,SKODA,YETI,2012,СІРИЙ,БЕНЗИН,АЕ6884ОІ
23.01.2021,SKODA,FABIA,2012,БІЛИЙ,БЕНЗИН,АО2208НА
16.03.2021,SKODA,OCTAVIA,2012,БІЛИЙ,ДИЗЕЛЬНЕ ПАЛИВО,АВ8870НХ
17.03.2021,SKODA,FABIA,2012,СІРИЙ,БЕНЗИН,АО5580НА
12.03.2021,SKODA,OCTAVIA,2012,ЧОРНИЙ,ДИЗЕЛЬНЕ ПАЛИВО,АВ9974НХ
26.02.2021,SKODA,OCTAVIA,2012,СІРИЙ,ДИЗЕЛЬНЕ ПАЛИВО,ВІ3376НА
06.03.2021,SKODA,FABIA,2012,СІРИЙ,ДИЗЕЛЬНЕ ПАЛИВО,ВС3354МС
20.03.2021,SKODA,FABIA,2012,СИНІЙ,ДИЗЕЛЬНЕ ПАЛИВО,АМ0593ЕТ
04.02.2021,SKODA,OCTAVIA,2012,БІЛИЙ,ДИЗЕЛЬНЕ ПАЛИВО,АЕ3037МА
17.03.2021,SKODA,OCTAVIA,2012,БІЛИЙ,ДИЗЕЛЬНЕ ПАЛИВО,АО4775ЕХ
23.03.2021,SKODA,OCTAVIA,2012,БІЛИЙ,ДИЗЕЛЬНЕ ПАЛИВО,КА9021СА
06.01.2021,SKODA,OCTAVIA,2012,СИНІЙ,ДИЗЕЛЬНЕ ПАЛИВО,ВЕ8108ЕІ
11.03.2021,SKODA,OCTAVIA,2012,СІРИЙ,ДИЗЕЛЬНЕ ПАЛИВО,АЕ2453РВ
16.01.2021,SKODA,FABIA,2012,БІЛИЙ,БЕНЗИН АБО ГАЗ,АН5649МС
13.02.2021,SKODA,FABIA,2012,ЗЕЛЕНИЙ,БЕНЗИН АБО ГАЗ,АХ4784АС
23.03.2021,SKODA,OCTAVIA,2012,СІРИЙ,ДИЗЕЛЬНЕ ПАЛИВО,АО3443ВО
09.01.2021,SKODA,FABIA,2012,БІЛИЙ,ДИЗЕЛЬНЕ ПАЛИВО,АО5340ЕХ
29.01.2021,SKODA,FABIA,2012,ЧЕРВОНИЙ,БЕНЗИН АБО ГАЗ,АІ5271МІ
06.01.2021,SKODA,OCTAVIA,2012,БІЛИЙ,ДИЗЕЛЬНЕ ПАЛИВО,ВМ6167СК
27.02.2021,SKODA,OCTAVIA,2012,ЧОРНИЙ,БЕНЗИН,ВІ0333СР
27.02.2021,SKODA,OCTAVIA,2012,ЧОРНИЙ,БЕНЗИН,ВІ0333СР
30.03.2021,SKODA,FABIA,2012,СИНІЙ,ДИЗЕЛЬНЕ ПАЛИВО,АІ6133МК
03.02.2021,SKODA,OCTAVIA,2012,СІРИЙ,ДИЗЕЛЬНЕ ПАЛИВО,ВО9080СМ
10.02.2021,SKODA,SUPERB,2012,ЧОРНИЙ,ДИЗЕЛЬНЕ ПАЛИВО,АТ9484ЕО
18.03.2021,SKODA,OCTAVIA,2012,БІЛИЙ,ДИЗЕЛЬНЕ ПАЛИВО,ВІ6897ЕТ
27.03.2021,SKODA,FABIA,2012,БІЛИЙ,ДИЗЕЛЬНЕ ПАЛИВО,АО7161НА
14.01.2021,SKODA,OCTAVIA,2012,СІРИЙ,ДИЗЕЛЬНЕ ПАЛИВО,СА3094ІВ
23.02.2021,SKODA,FABIA,2012,СИНІЙ,БЕНЗИН АБО ГАЗ,АА1258РР
30.03.2021,SKODA,OCTAVIA,2012,СІРИЙ,БЕНЗИН,АН3528ОН
05.02.2021,SKODA,FABIA,2012,БЕЖЕВИЙ,БЕНЗИН,КА8492ВМ
19.01.2021,SKODA,OCTAVIA A5,2012,СІРИЙ,БЕНЗИН,ВІ0833АХ
14.01.2021,SKODA,OCTAVIA A5,2012,СІРИЙ,БЕНЗИН,ВІ7494ЕХ
23.03.2021,SKODA,FABIA,2012,СІРИЙ,БЕНЗИН,ВН8912ОЕ
11.02.2021,SKODA,FABIA,2012,СІРИЙ,БЕНЗИН,ВН6794ОЕ
06.01.2021,SKODA,YETI,2012,КОРИЧНЕВИЙ,ДИЗЕЛЬНЕ ПАЛИВО,АІ5708МІ
19.03.2021,SKODA,SUPERB,2012,ЧОРНИЙ,БЕНЗИН,КА4583СА
20.02.2021,SKODA,YETI,2012,БЕЖЕВИЙ,БЕНЗИН,АА4520РВ
04.01.2021,SKODA,OCTAVIA A5,2012,БЕЖЕВИЙ,ДИЗЕЛЬНЕ ПАЛИВО,ВЕ8448СІ
25.03.2021,SKODA,OCTAVIA A5,2012,БЕЖЕВИЙ,БЕНЗИН,АН5960ЕК
02.02.2021,SKODA,OCTAVIA A5,2012,ЧОРНИЙ,ДИЗЕЛЬНЕ ПАЛИВО,ВВ2821ЕТ
12.02.2021,SKODA,SUPERB,2012,КОРИЧНЕВИЙ,БЕНЗИН,АН5405НХ
27.01.2021,SKODA,FABIA,2012,СИНІЙ,БЕНЗИН,КА5596СО
23.01.2021,SKODA,OCTAVIA A5,2012,ЧОРНИЙ,БЕНЗИН,СВ6160ЕА
27.02.2021,SKODA,FABIA,2012,БЕЖЕВИЙ,БЕНЗИН АБО ГАЗ,АХ3787КА
06.01.2021,SKODA,OCTAVIA A5,2012,БЕЖЕВИЙ,ДИЗЕЛЬНЕ ПАЛИВО,АА8767ЕТ
05.03.2021,SKODA,YETI,2012,БІЛИЙ,БЕНЗИН,АН3455ОМ
27.01.2021,SKODA,FABIA,2012,БЕЖЕВИЙ,БЕНЗИН,АН2883ОК
28.01.2021,SKODA,OCTAVIA,2012,СІРИЙ,БЕНЗИН,АВ2519ІА
03.02.2021,SKODA,FABIA,2012,СІРИЙ,БЕНЗИН,АМ6139ЕР
05.01.2021,SKODA,OCTAVIA A5,2012,ЧОРНИЙ,БЕНЗИН,АА2233ІТ
05.01.2021,SKODA,OCTAVIA A5,2012,ЧОРНИЙ,БЕНЗИН,АІ8668ІС
20.01.2021,SKODA,YETI,2012,БЕЖЕВИЙ,БЕНЗИН,ВЕ1468СО
11.03.2021,SKODA,OCTAVIA A5,2012,ЧОРНИЙ,ДИЗЕЛЬНЕ ПАЛИВО,АІ9738МС
08.01.2021,SKODA,OCTAVIA,2012,СІРИЙ,БЕНЗИН,КА6341ВТ
19.03.2021,SKODA,OCTAVIA,2012,СІРИЙ,БЕНЗИН,АН3761ОМ
27.01.2021,SKODA,OCTAVIA A5,2012,СІРИЙ,БЕНЗИН,АА7103МА
12.02.2021,SKODA,OCTAVIA A5,2012,ЧОРНИЙ,БЕНЗИН,АН7905ОІ
12.01.2021,SKODA,OCTAVIA A5,2012,СІРИЙ,БЕНЗИН,АР9554СЕ
27.02.2021,SKODA,OCTAVIA A5,2012,СІРИЙ,БЕНЗИН АБО ГАЗ,АР9554СЕ
26.01.2021,SKODA,OCTAVIA,2012,ЧОРНИЙ,БЕНЗИН,АЕ2556РА
26.01.2021,SKODA,OCTAVIA,2012,ЧОРНИЙ,БЕНЗИН,АР8533ІС
06.01.2021,SKODA,OCTAVIA A5,2012,СІРИЙ,БЕНЗИН,АН8849ОІ
14.01.2021,SKODA,OCTAVIA A5,2012,СІРИЙ,БЕНЗИН,АН8959ОІ
11.02.2021,SKODA,FABIA,2012,БЕЖЕВИЙ,БЕНЗИН,АН7393ОІ
16.03.2021,SKODA,FABIA,2012,СІРИЙ,БЕНЗИН,ВІ9264ЕС
25.03.2021,SKODA,FABIA,2012,СІРИЙ,БЕНЗИН,КА1162ВТ
27.01.2021,SKODA,OCTAVIA A5,2012,СИНІЙ,БЕНЗИН,АА6471МІ
02.03.2021,SKODA,FABIA,2012,СІРИЙ,БЕНЗИН,СА1513ІС
03.03.2021,SKODA,FABIA,2012,СІРИЙ,БЕНЗИН,АН5707ОК
21.01.2021,SKODA,OCTAVIA A5,2012,СІРИЙ,БЕНЗИН,КА3987СР
03.01.2021,SKODA,OCTAVIA A5,2012,БІЛИЙ,ДИЗЕЛЬНЕ ПАЛИВО,АІ5984МН
31.03.2021,SKODA,FABIA,2012,БЕЖЕВИЙ,БЕНЗИН,АА1301МС
16.02.2021,SKODA,OCTAVIA A5,2012,БІЛИЙ,БЕНЗИН,КА8958СО
25.02.2021,SKODA,OCTAVIA A5,2012,БІЛИЙ,ДИЗЕЛЬНЕ ПАЛИВО,АА8848НР
19.01.2021,SKODA,OCTAVIA A5,2012,БІЛИЙ,БЕНЗИН,АІ5560МН
17.02.2021,SKODA,SUPERB,2012,СІРИЙ,БЕНЗИН,АР2172НХ
20.02.2021,SKODA,OCTAVIA,2012,БЕЖЕВИЙ,БЕНЗИН,АХ2475КЕ
02.02.2021,SKODA,OCTAVIA A5,2012,ЧОРНИЙ,БЕНЗИН,АХ4014СЕ
10.02.2021,SKODA,OCTAVIA A5,2012,ЧОРНИЙ,БЕНЗИН,ВТ8322СМ
12.02.2021,SKODA,OCTAVIA A5,2012,БЕЖЕВИЙ,БЕНЗИН,АХ0735КА
02.03.2021,SKODA,OCTAVIA A5,2012,БІЛИЙ,БЕНЗИН,АХ1829КС
19.02.2021,SKODA,OCTAVIA A5,2012,ЧОРНИЙ,БЕНЗИН,АЕ0010ТТ
18.02.2021,SKODA,OCTAVIA A5,2012,ЧОРНИЙ,БЕНЗИН,АЕ0032ТТ
23.01.2021,SKODA,SUPERB,2012,КОРИЧНЕВИЙ,БЕНЗИН,ВІ3473ЕА
06.01.2021,SKODA,SUPERB,2012,КОРИЧНЕВИЙ,БЕНЗИН,АХ5133КВ
17.02.2021,SKODA,OCTAVIA A5,2012,ЧОРНИЙ,БЕНЗИН,АЕ0018ТТ
23.01.2021,SKODA,OCTAVIA A5,2012,СІРИЙ,БЕНЗИН,АЕ4210РА
11.02.2021,SKODA,OCTAVIA A5,2012,ЧЕРВОНИЙ,БЕНЗИН,ВН8514ОН
10.03.2021,SKODA,OCTAVIA A5,2012,ЧОРНИЙ,БЕНЗИН,АТ0806ЕО
16.02.2021,SKODA,OCTAVIA,2012,ЧОРНИЙ,БЕНЗИН,ВМ9921ВО
06.03.2021,SKODA,OCTAVIA A5,2012,БЕЖЕВИЙ,БЕНЗИН,АВ0737НТ
20.02.2021,SKODA,ROOMSTER,2012,СИНІЙ,БЕНЗИН,АІ0967КО
13.03.2021,SKODA,FABIA,2012,СІРИЙ,БЕНЗИН,ВВ8096ЕТ
24.03.2021,SKODA,OCTAVIA A5,2012,СІРИЙ,ДИЗЕЛЬНЕ ПАЛИВО,АМ8818ЕА
03.03.2021,SKODA,SUPERB,2012,СІРИЙ,БЕНЗИН,ВМ3471СМ
16.03.2021,SKODA,YETI,2012,СІРИЙ,БЕНЗИН,ВІ3913НА
16.03.2021,SKODA,YETI,2012,СІРИЙ,БЕНЗИН,АЕ5679ОІ
24.02.2021,SKODA,OCTAVIA A5,2012,СІРИЙ,БЕНЗИН,ВІ0511НА
27.01.2021,SKODA,OCTAVIA,2012,СІРИЙ,БЕНЗИН,АЕ8308ОЕ
24.02.2021,SKODA,OCTAVIA,2012,СІРИЙ,ДИЗЕЛЬНЕ ПАЛИВО,ВІ2724ЕХ
03.03.2021,SKODA,OCTAVIA A5,2012,ЗЕЛЕНИЙ,БЕНЗИН,ВН4138ОЕ
18.03.2021,SKODA,OCTAVIA A5,2012,БЕЖЕВИЙ,ДИЗЕЛЬНЕ ПАЛИВО,АМ1375ЕТ
26.03.2021,SKODA,FABIA,2012,БІЛИЙ,ДИЗЕЛЬНЕ ПАЛИВО,АО5975НА
09.01.2021,SKODA,FABIA,2012,СІРИЙ,БЕНЗИН,АО8638ЕХ
06.02.2021,SKODA,OCTAVIA A5,2012,СІРИЙ,БЕНЗИН,АЕ6480РА
22.01.2021,SKODA,OCTAVIA A5,2012,СІРИЙ,БЕНЗИН,АЕ6113РА
26.02.2021,SKODA,OCTAVIA A5,2012,СІРИЙ,БЕНЗИН,АР1991ЕХ
09.02.2021,SKODA,OCTAVIA,2012,ЧЕРВОНИЙ,БЕНЗИН АБО ГАЗ,АЕ8816ОТ
04.03.2021,SKODA,OCTAVIA,2012,СІРИЙ,ДИЗЕЛЬНЕ ПАЛИВО,ВО6442СР
20.02.2021,SKODA,OCTAVIA A5 COMBI,2012,СІРИЙ,ДИЗЕЛЬНЕ ПАЛИВО,ВА3900ЕК
20.02.2021,SKODA,OCTAVIA A5 COMBI,2012,СІРИЙ,ДИЗЕЛЬНЕ ПАЛИВО,ВА7200СС
27.01.2021,SKODA,OCTAVIA,2012,БІЛИЙ,ДИЗЕЛЬНЕ ПАЛИВО,КА2729СО
21.01.2021,SKODA,OCTAVIA,2012,БІЛИЙ,БЕНЗИН АБО ГАЗ,АІ7585МА
06.03.2021,SKODA,SUPERB,2012,СІРИЙ,ДИЗЕЛЬНЕ ПАЛИВО,ВС3358МС
20.02.2021,SKODA,OCTAVIA,2012,БІЛИЙ,ДИЗЕЛЬНЕ ПАЛИВО,АІ9464МІ
24.03.2021,SKODA,OCTAVIA,2012,СИНІЙ,ДИЗЕЛЬНЕ ПАЛИВО,ВХ3671ЕМ
04.01.2021,SKODA,OCTAVIA,2012,СІРИЙ,ДИЗЕЛЬНЕ ПАЛИВО,АІ3829МІ
21.01.2021,SKODA,OCTAVIA,2012,БІЛИЙ,ДИЗЕЛЬНЕ ПАЛИВО,АО7785ЕХ
03.03.2021,SKODA,OCTAVIA,2012,СІРИЙ,ДИЗЕЛЬНЕ ПАЛИВО,АТ9833ЕО
08.01.2021,SKODA,OCTAVIA,2012,СІРИЙ,БЕНЗИН АБО ГАЗ,СА1709ІА
19.03.2021,SKODA,OCTAVIA,2012,СІРИЙ,ДИЗЕЛЬНЕ ПАЛИВО,АІ9228МН
09.02.2021,SKODA,OCTAVIA A5,2012,ЧОРНИЙ,БЕНЗИН АБО ГАЗ,АР6329НТ
04.01.2021,SKODA,OCTAVIA,2012,СІРИЙ,ДИЗЕЛЬНЕ ПАЛИВО,СВ7793СХ
10.02.2021,SKODA,FABIA,2012,БІЛИЙ,БЕНЗИН,КА5538ВТ
28.01.2021,SKODA,OCTAVIA,2012,ЧОРНИЙ,ДИЗЕЛЬНЕ ПАЛИВО,АВ9943ЕО
28.01.2021,SKODA,OCTAVIA,2012,ЧОРНИЙ,ДИЗЕЛЬНЕ ПАЛИВО,АВ9943ЕО
05.02.2021,SKODA,OCTAVIA,2012,ЧОРНИЙ,БЕНЗИН АБО ГАЗ,СА9257ІВ
30.01.2021,SKODA,OCTAVIA,2012,БІЛИЙ,ДИЗЕЛЬНЕ ПАЛИВО,ВТ2117СМ
11.03.2021,SKODA,OCTAVIA A5,2012,БЕЖЕВИЙ,БЕНЗИН АБО ГАЗ,АХ2129КЕ
20.03.2021,SKODA,FABIA,2012,БІЛИЙ,БЕНЗИН АБО ГАЗ,АМ4974ЕІ
14.01.2021,SKODA,OCTAVIA,2012,ЧОРНИЙ,ДИЗЕЛЬНЕ ПАЛИВО,АМ7317ЕО
17.03.2021,SKODA,OCTAVIA,2012,СІРИЙ,ДИЗЕЛЬНЕ ПАЛИВО,СВ3491ЕА
25.02.2021,SKODA,SUPERB,2012,ЧОРНИЙ,ДИЗЕЛЬНЕ ПАЛИВО,ВО6069СК
05.01.2021,SKODA,SUPERB,2012,СІРИЙ,ДИЗЕЛЬНЕ ПАЛИВО,АО5099ЕХ
10.03.2021,SKODA,FABIA,2012,БІЛИЙ,БЕНЗИН,АО4998НА
11.02.2021,SKODA,OCTAVIA,2012,СІРИЙ,БЕНЗИН АБО ГАЗ,АТ0246ЕР
23.01.2021,SKODA,OCTAVIA A5,2012,БІЛИЙ,ДИЗЕЛЬНЕ ПАЛИВО,КА7030ВО
20.01.2021,SKODA,OCTAVIA,2012,СІРИЙ,ДИЗЕЛЬНЕ ПАЛИВО,ВС7501МС
30.01.2021,SKODA,OCTAVIA,2012,СІРИЙ,ДИЗЕЛЬНЕ ПАЛИВО,ВС9872МВ
23.01.2021,SKODA,FABIA,2012,СІРИЙ,БЕНЗИН,ВС4462МН
12.01.2021,SKODA,SUPERB,2012,КОРИЧНЕВИЙ,ДИЗЕЛЬНЕ ПАЛИВО,АТ8884ВХ
04.03.2021,SKODA,OCTAVIA,2012,ЧОРНИЙ,БЕНЗИН АБО ГАЗ,КА7382СО
24.02.2021,SKODA,FABIA,2012,СИНІЙ,БЕНЗИН АБО ГАЗ,АТ3096ЕО
22.01.2021,SKODA,OCTAVIA,2012,СІРИЙ,ДИЗЕЛЬНЕ ПАЛИВО,АВ3327ІА
04.02.2021,SKODA,OCTAVIA,2012,СІРИЙ,ДИЗЕЛЬНЕ ПАЛИВО,АТ2234ЕО
28.01.2021,SKODA,OCTAVIA,2012,СІРИЙ,ДИЗЕЛЬНЕ ПАЛИВО,АО9276СІ
06.01.2021,SKODA,OCTAVIA,2012,СІРИЙ,БЕНЗИН,АН3695ОІ
04.01.2021,SKODA,OCTAVIA,2012,СІРИЙ,ДИЗЕЛЬНЕ ПАЛИВО,ВІ6617ЕХ
04.01.2021,SKODA,OCTAVIA,2012,СІРИЙ,ДИЗЕЛЬНЕ ПАЛИВО,ВІ7163ЕО
02.02.2021,SKODA,YETI,2012,БІЛИЙ,ДИЗЕЛЬНЕ ПАЛИВО,АО8921ЕХ
13.03.2021,SKODA,FABIA,2012,СІРИЙ,БЕНЗИН,КА1479ВМ
26.02.2021,SKODA,FABIA,2012,БІЛИЙ,ДИЗЕЛЬНЕ ПАЛИВО,АН4274ОІ
18.02.2021,SKODA,SUPERB,2012,СІРИЙ,ДИЗЕЛЬНЕ ПАЛИВО,АО7862ЕХ
26.01.2021,SKODA,ROOMSTER,2012,БІЛИЙ,ДИЗЕЛЬНЕ ПАЛИВО,ВО2615СР
12.01.2021,SKODA,OCTAVIA,2012,ЧОРНИЙ,ДИЗЕЛЬНЕ ПАЛИВО,АО8850ЕХ
25.02.2021,SKODA,OCTAVIA,2012,СІРИЙ,ДИЗЕЛЬНЕ ПАЛИВО,АХ8261КВ
02.02.2021,SKODA,OCTAVIA,2012,ЧОРНИЙ,ДИЗЕЛЬНЕ ПАЛИВО,ВО5242СМ
15.01.2021,SKODA,OCTAVIA,2012,СІРИЙ,ДИЗЕЛЬНЕ ПАЛИВО,АО0628НА
25.03.2021,SKODA,FABIA,2012,БІЛИЙ,БЕНЗИН АБО ГАЗ,КА7588АХ
12.01.2021,SKODA,OCTAVIA,2012,БІЛИЙ,ДИЗЕЛЬНЕ ПАЛИВО,ВС7273МС
29.01.2021,SKODA,FABIA,2012,СІРИЙ,БЕНЗИН АБО ГАЗ,АХ0947КА
13.01.2021,SKODA,OCTAVIA,2012,СІРИЙ,БЕНЗИН АБО ГАЗ,АВ2696НХ
05.01.2021,SKODA,OCTAVIA,2012,СІРИЙ,ДИЗЕЛЬНЕ ПАЛИВО,АІ0734ММ
25.03.2021,SKODA,OCTAVIA,2012,ЧОРНИЙ,ДИЗЕЛЬНЕ ПАЛИВО,ВІ9171НА
03.02.2021,SKODA,FABIA,2012,ЧОРНИЙ,ДИЗЕЛЬНЕ ПАЛИВО,ВТ5309СК
06.01.2021,SKODA,FABIA,2012,СИНІЙ,БЕНЗИН АБО ГАЗ,ВС0879МЕ
02.02.2021,SKODA,OCTAVIA A5,2012,СІРИЙ,БЕНЗИН,ВВ6475ЕТ
04.02.2021,SKODA,OCTAVIA,2012,СИНІЙ,ДИЗЕЛЬНЕ ПАЛИВО,АХ2495КЕ
12.02.2021,SKODA,OCTAVIA,2012,СІРИЙ,БЕНЗИН АБО ГАЗ,АМ8685ЕО
02.02.2021,SKODA,OCTAVIA,2012,СІРИЙ,БЕНЗИН АБО ГАЗ,ВС7493МІ
18.02.2021,SKODA,FABIA,2012,СІРИЙ,БЕНЗИН,АН2057ОІ
18.02.2021,SKODA,FABIA,2012,СІРИЙ,БЕНЗИН,АН9115ОІ
19.01.2021,SKODA,FABIA,2012,БІЛИЙ,БЕНЗИН АБО ГАЗ,КА2498СР
22.01.2021,SKODA,OCTAVIA,2012,СІРИЙ,ДИЗЕЛЬНЕ ПАЛИВО,АО9448ЕХ
20.03.2021,SKODA,OCTAVIA,2012,СІРИЙ,БЕНЗИН АБО ГАЗ,АЕ2575РІ
04.01.2021,SKODA,OCTAVIA,2012,СИНІЙ,ДИЗЕЛЬНЕ ПАЛИВО,АТ5338ЕО
02.02.2021,SKODA,OCTAVIA,2012,БІЛИЙ,БЕНЗИН,ВТ5947СІ
20.02.2021,SKODA,OCTAVIA,2012,СІРИЙ,ДИЗЕЛЬНЕ ПАЛИВО,ВК3494НЕ
10.02.2021,SKODA,OCTAVIA,2012,ЧОРНИЙ,ДИЗЕЛЬНЕ ПАЛИВО,СА7491СК
09.01.2021,SKODA,OCTAVIA,2012,ЧОРНИЙ,ДИЗЕЛЬНЕ ПАЛИВО,АО8635ЕХ
12.03.2021,SKODA,OCTAVIA,2012,ЧОРНИЙ,ДИЗЕЛЬНЕ ПАЛИВО,ВІ4253НА
23.03.2021,SKODA,SUPERB,2012,ЧОРНИЙ,ДИЗЕЛЬНЕ ПАЛИВО,ВО1218СХ
12.03.2021,SKODA,FABIA,2012,ЧОРНИЙ,БЕНЗИН,ВХ0291ЕО
24.03.2021,SKODA,FABIA,2012,БІЛИЙ,БЕНЗИН,АО7128НА
30.01.2021,SKODA,FABIA,2012,СИНІЙ,ДИЗЕЛЬНЕ ПАЛИВО,ВС3691МК
06.01.2021,SKODA,OCTAVIA,2012,СІРИЙ,ДИЗЕЛЬНЕ ПАЛИВО,АО4357НА
31.03.2021,SKODA,OCTAVIA A5,2012,СІРИЙ,БЕНЗИН,ВХ8445ЕМ
03.02.2021,SKODA,OCTAVIA,2012,СИНІЙ,ДИЗЕЛЬНЕ ПАЛИВО,АО2370НА
06.03.2021,SKODA,OCTAVIA,2012,СІРИЙ,ДИЗЕЛЬНЕ ПАЛИВО,АР3108ІЕ
05.03.2021,SKODA,FABIA,2012,СІРИЙ,ДИЗЕЛЬНЕ ПАЛИВО,АО6179НА
03.03.2021,SKODA,FABIA,2012,БІЛИЙ,ДИЗЕЛЬНЕ ПАЛИВО,АР6433ІЕ
23.02.2021,SKODA,FABIA,2012,СИНІЙ,БЕНЗИН,АН4723ОІ
23.02.2021,SKODA,OCTAVIA,2012,БІЛИЙ,БЕНЗИН АБО ГАЗ,АХ8227ІХ
25.02.2021,SKODA,OCTAVIA A5,2012,СИНІЙ,БЕНЗИН,АІ8625МІ
06.03.2021,SKODA,FABIA,2012,СІРИЙ,БЕНЗИН,АО5604НА
02.03.2021,SKODA,YETI,2012,КОРИЧНЕВИЙ,БЕНЗИН,ВІ6587ЕА
26.01.2021,SKODA,ROOMSTER,2012,БІЛИЙ,ДИЗЕЛЬНЕ ПАЛИВО,АТ2217ЕІ
30.01.2021,SKODA,OCTAVIA,2012,БІЛИЙ,ДИЗЕЛЬНЕ ПАЛИВО,АЕ4173РВ
09.02.2021,SKODA,OCTAVIA,2012,СИНІЙ,БЕНЗИН АБО ГАЗ,АЕ0522ОН
19.01.2021,SKODA,OCTAVIA,2012,СІРИЙ,БЕНЗИН АБО ГАЗ,АІ7519МА
17.03.2021,SKODA,OCTAVIA,2012,СІРИЙ,БЕНЗИН АБО ГАЗ,АІ3521КО
13.03.2021,SKODA,FABIA,2012,ЧОРНИЙ,БЕНЗИН,ВМ6284СМ
15.01.2021,SKODA,ROOMSTER,2012,БІЛИЙ,ДИЗЕЛЬНЕ ПАЛИВО,СЕ5548СТ
25.03.2021,SKODA,OCTAVIA,2012,СИНІЙ,БЕНЗИН АБО ГАЗ,ВТ6963СІ
30.03.2021,SKODA,FABIA,2012,СИНІЙ,ДИЗЕЛЬНЕ ПАЛИВО,АЕ5452РВ
27.02.2021,SKODA,OCTAVIA,2012,БІЛИЙ,ДИЗЕЛЬНЕ ПАЛИВО,АС8877СК
04.03.2021,SKODA,OCTAVIA,2012,ЧОРНИЙ,ДИЗЕЛЬНЕ ПАЛИВО,ВС2426МІ
11.03.2021,SKODA,OCTAVIA,2012,ЧОРНИЙ,БЕНЗИН,АМ5033ЕО
13.03.2021,SKODA,SUPERB,2012,СІРИЙ,ДИЗЕЛЬНЕ ПАЛИВО,АС2805ЕО
30.01.2021,SKODA,OCTAVIA,2012,БІЛИЙ,ДИЗЕЛЬНЕ ПАЛИВО,АТ4051ЕР
16.01.2021,SKODA,OCTAVIA,2012,БІЛИЙ,ДИЗЕЛЬНЕ ПАЛИВО,АО0675НА
05.01.2021,SKODA,SUPERB,2012,ЧОРНИЙ,ДИЗЕЛЬНЕ ПАЛИВО,ВС6593МС
13.01.2021,SKODA,SUPERB,2012,ЧОРНИЙ,ДИЗЕЛЬНЕ ПАЛИВО,АІ9889ІС
27.02.2021,SKODA,OCTAVIA,2012,СІРИЙ,БЕНЗИН АБО ГАЗ,ВС6100МК
16.01.2021,SKODA,RAPID,2012,ЧОРНИЙ,БЕНЗИН,АО0648НА
19.02.2021,SKODA,FABIA,2012,СІРИЙ,ДИЗЕЛЬНЕ ПАЛИВО,АМ2331ЕР
10.03.2021,SKODA,FABIA,2012,СІРИЙ,ДИЗЕЛЬНЕ ПАЛИВО,АМ6670ЕО
22.01.2021,SKODA,OCTAVIA,2012,БІЛИЙ,БЕНЗИН АБО ГАЗ,ВК6989НЕ
16.01.2021,SKODA,OCTAVIA,2012,СІРИЙ,ДИЗЕЛЬНЕ ПАЛИВО,ВК4963НС
26.02.2021,SKODA,FABIA,2012,СІРИЙ,БЕНЗИН,ВС5891МІ
13.03.2021,SKODA,OCTAVIA,2012,БІЛИЙ,ДИЗЕЛЬНЕ ПАЛИВО,ВІ9275ЕС
12.03.2021,SKODA,OCTAVIA,2012,ЧОРНИЙ,ДИЗЕЛЬНЕ ПАЛИВО,АО5519НА
22.01.2021,SKODA,OCTAVIA,2012,СІРИЙ,ДИЗЕЛЬНЕ ПАЛИВО,ВС2013МК
30.01.2021,SKODA,OCTAVIA,2012,СІРИЙ,ДИЗЕЛЬНЕ ПАЛИВО,ВС0850МЕ
06.03.2021,SKODA,OCTAVIA A5,2012,ЗЕЛЕНИЙ,БЕНЗИН АБО ГАЗ,ВМ0722СМ
18.03.2021,SKODA,OCTAVIA,2012,СІРИЙ,ДИЗЕЛЬНЕ ПАЛИВО,СВ3648ЕА
25.03.2021,SKODA,OCTAVIA,2012,БІЛИЙ,ДИЗЕЛЬНЕ ПАЛИВО,АО1436НА
30.01.2021,SKODA,OCTAVIA A5,2012,СІРИЙ,ДИЗЕЛЬНЕ ПАЛИВО,АО1732НА
16.03.2021,SKODA,OCTAVIA,2012,ЧОРНИЙ,ДИЗЕЛЬНЕ ПАЛИВО,АВ0607ІА
03.03.2021,SKODA,OCTAVIA,2012,БЕЖЕВИЙ,БЕНЗИН,ВХ9140ЕМ
11.02.2021,SKODA,OCTAVIA,2012,БЕЖЕВИЙ,БЕНЗИН,АВ5235НО
26.02.2021,SKODA,OCTAVIA,2012,БІЛИЙ,ДИЗЕЛЬНЕ ПАЛИВО,СА5542ІЕ
05.03.2021,SKODA,OCTAVIA,2012,СИНІЙ,ДИЗЕЛЬНЕ ПАЛИВО,АО1276НА
30.01.2021,SKODA,OCTAVIA,2012,БІЛИЙ,ДИЗЕЛЬНЕ ПАЛИВО,АВ3183НХ
06.02.2021,SKODA,OCTAVIA,2012,СІРИЙ,ДИЗЕЛЬНЕ ПАЛИВО,КА0626ВХ
18.03.2021,SKODA,OCTAVIA,2012,СІРИЙ,ДИЗЕЛЬНЕ ПАЛИВО,ВС3304МК
09.02.2021,SKODA,OCTAVIA,2012,СИНІЙ,ДИЗЕЛЬНЕ ПАЛИВО,ВО0233СК
30.01.2021,SKODA,FABIA,2012,БІЛИЙ,БЕНЗИН АБО ГАЗ,АО1789НА
11.02.2021,SKODA,OCTAVIA,2012,ЧОРНИЙ,БЕНЗИН,АЕ2359ОХ
23.03.2021,SKODA,OCTAVIA,2012,СИНІЙ,ДИЗЕЛЬНЕ ПАЛИВО,АТ9521ЕО
27.02.2021,SKODA,FABIA,2012,БІЛИЙ,БЕНЗИН,АЕ4662РС
10.03.2021,SKODA,FABIA,2012,СІРИЙ,БЕНЗИН,ВС2642ММ
17.03.2021,SKODA,OCTAVIA,2012,КОРИЧНЕВИЙ,ДИЗЕЛЬНЕ ПАЛИВО,ВО6255СР
03.03.2021,SKODA,OCTAVIA A5,2012,СІРИЙ,ДИЗЕЛЬНЕ ПАЛИВО,ВМ6368СМ
19.01.2021,SKODA,OCTAVIA,2012,ЧОРНИЙ,ДИЗЕЛЬНЕ ПАЛИВО,ВО9387СМ
27.02.2021,SKODA,OCTAVIA,2012,СІРИЙ,БЕНЗИН АБО ГАЗ,АВ2523НТ
16.03.2021,SKODA,FABIA,2012,СІРИЙ,БЕНЗИН,АЕ1882ОТ
24.03.2021,SKODA,SUPERB,2012,СИНІЙ,БЕНЗИН,АІ6329МК
19.01.2021,SKODA,FABIA,2012,СІРИЙ,БЕНЗИН,АО0442НА
24.03.2021,SKODA,OCTAVIA,2012,БІЛИЙ,ДИЗЕЛЬНЕ ПАЛИВО,АМ8180ЕР
03.02.2021,SKODA,SUPERB,2012,СІРИЙ,ДИЗЕЛЬНЕ ПАЛИВО,ВХ6000ВІ
16.03.2021,SKODA,SUPERB,2012,ЧОРНИЙ,ДИЗЕЛЬНЕ ПАЛИВО,АО0069АМ
30.01.2021,SKODA,OCTAVIA,2012,БІЛИЙ,ДИЗЕЛЬНЕ ПАЛИВО,ВК9934НЕ
22.01.2021,SKODA,FABIA,2012,СІРИЙ,БЕНЗИН АБО ГАЗ,ВЕ6175ЕК
23.03.2021,SKODA,FABIA,2012,СІРИЙ,БЕНЗИН АБО ГАЗ,ВЕ0839ЕМ
04.02.2021,SKODA,OCTAVIA,2012,БІЛИЙ,БЕНЗИН,АО2045НА
19.01.2021,SKODA,OCTAVIA,2012,СІРИЙ,ДИЗЕЛЬНЕ ПАЛИВО,АН8772ОІ
25.03.2021,SKODA,OCTAVIA,2012,СІРИЙ,ДИЗЕЛЬНЕ ПАЛИВО,СА8676ІС
22.01.2021,SKODA,FABIA,2012,БІЛИЙ,ДИЗЕЛЬНЕ ПАЛИВО,СА2191ІА
13.03.2021,SKODA,OCTAVIA A5,2012,ЧОРНИЙ,ДИЗЕЛЬНЕ ПАЛИВО,КА9655ВМ
25.02.2021,SKODA,OCTAVIA,2012,БІЛИЙ,ДИЗЕЛЬНЕ ПАЛИВО,АО9330ЕХ
17.03.2021,SKODA,OCTAVIA,2012,ЧОРНИЙ,БЕНЗИН,КА3656ВМ
17.03.2021,SKODA,OCTAVIA,2012,ЧОРНИЙ,БЕНЗИН,КА3647ВМ
19.02.2021,SKODA,OCTAVIA,2012,СІРИЙ,ДИЗЕЛЬНЕ ПАЛИВО,АТ3280ЕО
13.03.2021,SKODA,OCTAVIA,2012,СІРИЙ,ДИЗЕЛЬНЕ ПАЛИВО,ВТ7178СО
16.03.2021,SKODA,YETI,2012,СІРИЙ,БЕНЗИН,СА3745ІЕ
30.01.2021,SKODA,OCTAVIA,2012,СИНІЙ,БЕНЗИН АБО ГАЗ,АВ3641ІА
27.02.2021,SKODA,SUPERB,2012,ЧОРНИЙ,ДИЗЕЛЬНЕ ПАЛИВО,ВС5830МК
20.03.2021,SKODA,OCTAVIA A5 COMBI,2012,СІРИЙ,ДИЗЕЛЬНЕ ПАЛИВО,АІ1203МО
19.02.2021,SKODA,SUPERB,2012,БІЛИЙ,ДИЗЕЛЬНЕ ПАЛИВО,ВО5240СР
20.02.2021,SKODA,FABIA,2012,СІРИЙ,ДИЗЕЛЬНЕ ПАЛИВО,АІ6875МС
14.01.2021,SKODA,OCTAVIA,2012,СІРИЙ,ДИЗЕЛЬНЕ ПАЛИВО,АО5433ЕХ
23.03.2021,SKODA,OCTAVIA,2012,СІРИЙ,ДИЗЕЛЬНЕ ПАЛИВО,АТ1178ЕТ
11.03.2021,SKODA,OCTAVIA A5,2012,ЧОРНИЙ,ДИЗЕЛЬНЕ ПАЛИВО,АХ3459КС
06.01.2021,SKODA,FABIA,2012,СИНІЙ,ДИЗЕЛЬНЕ ПАЛИВО,ВС6142МЕ
30.01.2021,SKODA,OCTAVIA,2012,ЧОРНИЙ,ДИЗЕЛЬНЕ ПАЛИВО,АЕ6026ОН
17.03.2021,SKODA,FABIA,2012,СІРИЙ,БЕНЗИН АБО ГАЗ,АВ8736НХ
19.03.2021,SKODA,FABIA,2012,СІРИЙ,БЕНЗИН АБО ГАЗ,КА3920СА
26.03.2021,SKODA,OCTAVIA A5,2012,БІЛИЙ,ДИЗЕЛЬНЕ ПАЛИВО,АО6008ЕТ
13.03.2021,SKODA,FABIA,2012,СІРИЙ,БЕНЗИН,ВС7497МК
23.01.2021,SKODA,OCTAVIA,2012,ЧОРНИЙ,ДИЗЕЛЬНЕ ПАЛИВО,АІ0287МК
11.03.2021,SKODA,OCTAVIA,2012,СІРИЙ,БЕНЗИН АБО ГАЗ,ВІ2926НА
06.02.2021,SKODA,OCTAVIA,2012,СІРИЙ,ДИЗЕЛЬНЕ ПАЛИВО,АХ8152КВ
26.02.2021,SKODA,OCTAVIA,2012,СІРИЙ,ДИЗЕЛЬНЕ ПАЛИВО,СА3240ІЕ
23.01.2021,SKODA,OCTAVIA,2012,СІРИЙ,ДИЗЕЛЬНЕ ПАЛИВО,СА1423ІВ
12.02.2021,SKODA,OCTAVIA,2012,СІРИЙ,ДИЗЕЛЬНЕ ПАЛИВО,АМ8714ЕО
22.01.2021,SKODA,OCTAVIA,2012,СІРИЙ,ДИЗЕЛЬНЕ ПАЛИВО,ВК7052НЕ
12.03.2021,SKODA,OCTAVIA,2012,СІРИЙ,БЕНЗИН АБО ГАЗ,АХ9581КС
31.03.2021,SKODA,OCTAVIA,2012,ЧОРНИЙ,ДИЗЕЛЬНЕ ПАЛИВО,СА6718ІС
02.03.2021,SKODA,FABIA,2012,СІРИЙ,ДИЗЕЛЬНЕ ПАЛИВО,АТ7946ЕО
04.01.2021,SKODA,OCTAVIA,2012,СІРИЙ,ДИЗЕЛЬНЕ ПАЛИВО,АТ5590ЕО
02.03.2021,SKODA,FABIA,2012,СИНІЙ,БЕНЗИН,АО4766НА
13.02.2021,SKODA,OCTAVIA,2012,ЧОРНИЙ,ДИЗЕЛЬНЕ ПАЛИВО,АС3907ЕМ
08.01.2021,SKODA,SUPERB,2012,СІРИЙ,ДИЗЕЛЬНЕ ПАЛИВО,ВМ9929ВН
16.03.2021,SKODA,OCTAVIA,2012,ЗЕЛЕНИЙ,ДИЗЕЛЬНЕ ПАЛИВО,СВ4687СВ
23.01.2021,SKODA,OCTAVIA,2012,ЗЕЛЕНИЙ,ДИЗЕЛЬНЕ ПАЛИВО,АО1141СВ
10.02.2021,SKODA,FABIA,2012,СІРИЙ,ДИЗЕЛЬНЕ ПАЛИВО,ВС4950МН
25.02.2021,SKODA,ROOMSTER,2012,ЧОРНИЙ,БЕНЗИН,АВ2759НХ
22.01.2021,SKODA,OCTAVIA,2012,БІЛИЙ,ДИЗЕЛЬНЕ ПАЛИВО,АТ4613ЕР
13.03.2021,SKODA,OCTAVIA,2012,СІРИЙ,ДИЗЕЛЬНЕ ПАЛИВО,ВЕ4379ЕІ
12.03.2021,SKODA,OCTAVIA,2012,ЧОРНИЙ,ДИЗЕЛЬНЕ ПАЛИВО,ВА8324СВ
30.03.2021,SKODA,OCTAVIA,2012,СІРИЙ,ДИЗЕЛЬНЕ ПАЛИВО,АА2772ВР
02.03.2021,SKODA,OCTAVIA,2012,СІРИЙ,ДИЗЕЛЬНЕ ПАЛИВО,АМ4857ЕО
28.01.2021,SKODA,YETI,2012,БІЛИЙ,ДИЗЕЛЬНЕ ПАЛИВО,АО7138ЕХ
12.03.2021,SKODA,OCTAVIA,2012,БІЛИЙ,ДИЗЕЛЬНЕ ПАЛИВО,АВ4903НР
25.02.2021,SKODA,OCTAVIA,2012,ЧОРНИЙ,ДИЗЕЛЬНЕ ПАЛИВО,ВС3079МК
23.03.2021,SKODA,OCTAVIA,2012,СИНІЙ,ДИЗЕЛЬНЕ ПАЛИВО,ВХ8244ЕМ
27.02.2021,SKODA,OCTAVIA,2012,СІРИЙ,ДИЗЕЛЬНЕ ПАЛИВО,АВ3637НО
19.02.2021,SKODA,OCTAVIA,2012,СІРИЙ,ДИЗЕЛЬНЕ ПАЛИВО,КА0174ВЕ
13.02.2021,SKODA,OCTAVIA,2012,БІЛИЙ,БЕНЗИН АБО ГАЗ,АВ5231НТ
12.02.2021,SKODA,OCTAVIA,2012,БІЛИЙ,БЕНЗИН АБО ГАЗ,АВ5432НТ
16.03.2021,SKODA,OCTAVIA,2012,БІЛИЙ,БЕНЗИН АБО ГАЗ,СА3710ІЕ
27.02.2021,SKODA,OCTAVIA A5,2012,БЕЖЕВИЙ,БЕНЗИН,ВН7655ОМ
06.02.2021,SKODA,OCTAVIA,2012,СІРИЙ,ДИЗЕЛЬНЕ ПАЛИВО,ВС0396МК
12.02.2021,SKODA,OCTAVIA,2012,СІРИЙ,ДИЗЕЛЬНЕ ПАЛИВО,АВ5521НТ
12.02.2021,SKODA,FABIA,2012,БІЛИЙ,БЕНЗИН АБО ГАЗ,ВН4236ОМ
31.03.2021,SKODA,OCTAVIA,2012,СІРИЙ,БЕНЗИН АБО ГАЗ,АВ3517НО
25.02.2021,SKODA,OCTAVIA,2012,СІРИЙ,БЕНЗИН АБО ГАЗ,АВ3293НТ
29.01.2021,SKODA,FABIA,2012,БІЛИЙ,ДИЗЕЛЬНЕ ПАЛИВО,ВС1706МН
25.02.2021,SKODA,FABIA,2012,БІЛИЙ,ДИЗЕЛЬНЕ ПАЛИВО,АТ2317ЕР
27.02.2021,SKODA,OCTAVIA,2012,БІЛИЙ,ДИЗЕЛЬНЕ ПАЛИВО,АО5283НА
11.03.2021,SKODA,OCTAVIA,2012,СІРИЙ,ДИЗЕЛЬНЕ ПАЛИВО,ВК4565НЕ
27.02.2021,SKODA,OCTAVIA,2012,СІРИЙ,ДИЗЕЛЬНЕ ПАЛИВО,АО8174ЕХ
20.03.2021,SKODA,OCTAVIA,2012,СІРИЙ,ДИЗЕЛЬНЕ ПАЛИВО,АО6730НА
18.03.2021,SKODA,OCTAVIA,2012,БІЛИЙ,ДИЗЕЛЬНЕ ПАЛИВО,ВІ0947НЕ
25.02.2021,SKODA,OCTAVIA,2012,ЧОРНИЙ,ДИЗЕЛЬНЕ ПАЛИВО,АС3238ЕК
04.03.2021,SKODA,FABIA,2012,ЧОРНИЙ,ДИЗЕЛЬНЕ ПАЛИВО,АС8327ЕМ
12.01.2021,SKODA,ROOMSTER,2012,СІРИЙ,ДИЗЕЛЬНЕ ПАЛИВО,АВ4299НО
25.02.2021,SKODA,OCTAVIA,2012,ЧОРНИЙ,ДИЗЕЛЬНЕ ПАЛИВО,АМ9225ЕО
25.02.2021,SKODA,OCTAVIA,2012,ЧОРНИЙ,ДИЗЕЛЬНЕ ПАЛИВО,КА6867ВЕ
20.01.2021,SKODA,OCTAVIA,2012,ЧЕРВОНИЙ,ДИЗЕЛЬНЕ ПАЛИВО,АВ8137НХ
05.02.2021,SKODA,OCTAVIA,2012,ЧОРНИЙ,ДИЗЕЛЬНЕ ПАЛИВО,ВС0216МС
06.01.2021,SKODA,SUPERB,2012,ЧОРНИЙ,ДИЗЕЛЬНЕ ПАЛИВО,АО9420ЕХ
09.02.2021,SKODA,SUPERB,2012,ЧОРНИЙ,ДИЗЕЛЬНЕ ПАЛИВО,АО1134НА
02.03.2021,SKODA,OCTAVIA,2012,ЧОРНИЙ,ДИЗЕЛЬНЕ ПАЛИВО,ВТ9866СА
14.01.2021,SKODA,OCTAVIA,2012,СІРИЙ,ДИЗЕЛЬНЕ ПАЛИВО,АО4641НА
26.03.2021,SKODA,FABIA,2012,БІЛИЙ,БЕНЗИН,АО5930НА
02.02.2021,SKODA,OCTAVIA,2012,СІРИЙ,ДИЗЕЛЬНЕ ПАЛИВО,АТ5057ЕР
02.02.2021,SKODA,FABIA,2012,СІРИЙ,ДИЗЕЛЬНЕ ПАЛИВО,АІ6673МІ
10.03.2021,SKODA,FABIA,2012,БІЛИЙ,БЕНЗИН,АХ2120КЕ
16.03.2021,SKODA,OCTAVIA,2012,ЧОРНИЙ,ДИЗЕЛЬНЕ ПАЛИВО,АТ3059ЕО
27.03.2021,SKODA,SUPERB,2012,ЧОРНИЙ,ДИЗЕЛЬНЕ ПАЛИВО,АІ4915МК
04.02.2021,SKODA,OCTAVIA,2012,СИНІЙ,ДИЗЕЛЬНЕ ПАЛИВО,АЕ4296РВ
06.01.2021,SKODA,SUPERB,2012,ЧОРНИЙ,ДИЗЕЛЬНЕ ПАЛИВО,АО8605ЕХ
02.02.2021,SKODA,FABIA,2012,БІЛИЙ,ДИЗЕЛЬНЕ ПАЛИВО,ВН6422ОМ
02.03.2021,SKODA,OCTAVIA,2012,ЧОРНИЙ,ДИЗЕЛЬНЕ ПАЛИВО,АВ3420НТ
02.03.2021,SKODA,OCTAVIA,2012,ЧОРНИЙ,ДИЗЕЛЬНЕ ПАЛИВО,ВС7793МА
04.03.2021,SKODA,OCTAVIA,2012,СІРИЙ,БЕНЗИН АБО ГАЗ,КА3025ВТ
28.01.2021,SKODA,OCTAVIA,2012,СІРИЙ,БЕНЗИН АБО ГАЗ,АІ1657МВ
14.01.2021,SKODA,OCTAVIA,2012,СІРИЙ,ДИЗЕЛЬНЕ ПАЛИВО,АС4031ЕМ
26.02.2021,SKODA,OCTAVIA,2012,СІРИЙ,ДИЗЕЛЬНЕ ПАЛИВО,АО5221НА
05.02.2021,SKODA,OCTAVIA,2012,ЧОРНИЙ,ДИЗЕЛЬНЕ ПАЛИВО,АЕ5481ОХ
17.03.2021,SKODA,OCTAVIA,2012,ЧОРНИЙ,ДИЗЕЛЬНЕ ПАЛИВО,АР6128ІЕ
25.03.2021,SKODA,SUPERB,2012,БІЛИЙ,ДИЗЕЛЬНЕ ПАЛИВО,ВО0105СТ
25.03.2021,SKODA,SUPERB,2012,БІЛИЙ,ДИЗЕЛЬНЕ ПАЛИВО,ВО0105СТ
25.03.2021,SKODA,SUPERB,2012,БІЛИЙ,ДИЗЕЛЬНЕ ПАЛИВО,ВО0105СТ
26.03.2021,SKODA,FABIA,2012,ЧОРНИЙ,ДИЗЕЛЬНЕ ПАЛИВО,АС3980ЕО
30.01.2021,SKODA,OCTAVIA,2012,СИНІЙ,ДИЗЕЛЬНЕ ПАЛИВО,АВ3561НР
16.02.2021,SKODA,OCTAVIA,2012,СІРИЙ,ДИЗЕЛЬНЕ ПАЛИВО,АО9198ЕХ
02.02.2021,SKODA,OCTAVIA,2012,СІРИЙ,ДИЗЕЛЬНЕ ПАЛИВО,АО1053НА
13.02.2021,SKODA,OCTAVIA,2012,ЧОРНИЙ,БЕНЗИН,АВ5238НТ
10.03.2021,SKODA,OCTAVIA,2012,ЧОРНИЙ,БЕНЗИН,ВА9547ЕК
04.02.2021,SKODA,OCTAVIA,2012,СІРИЙ,ДИЗЕЛЬНЕ ПАЛИВО,АХ4534ІТ
27.01.2021,SKODA,OCTAVIA,2012,СІРИЙ,ДИЗЕЛЬНЕ ПАЛИВО,ВК5248НС
17.02.2021,SKODA,OCTAVIA,2012,БІЛИЙ,БЕНЗИН АБО ГАЗ,АН9004ОІ
14.01.2021,SKODA,OCTAVIA,2012,БІЛИЙ,БЕНЗИН АБО ГАЗ,АО9098ЕХ
13.01.2021,SKODA,OCTAVIA,2012,ЧОРНИЙ,БЕНЗИН АБО ГАЗ,АВ4684НТ
21.01.2021,SKODA,OCTAVIA,2012,ЧОРНИЙ,БЕНЗИН АБО ГАЗ,АО9584ЕХ
05.03.2021,SKODA,OCTAVIA,2012,СІРИЙ,ДИЗЕЛЬНЕ ПАЛИВО,ВС8616МІ
05.03.2021,SKODA,OCTAVIA,2012,СІРИЙ,ДИЗЕЛЬНЕ ПАЛИВО,АО4965НА
27.01.2021,SKODA,OCTAVIA,2012,ЧОРНИЙ,ДИЗЕЛЬНЕ ПАЛИВО,АХ3477КА
27.01.2021,SKODA,SUPERB,2012,ЧОРНИЙ,ДИЗЕЛЬНЕ ПАЛИВО,АС0991СІ
24.02.2021,SKODA,OCTAVIA,2012,СІРИЙ,ДИЗЕЛЬНЕ ПАЛИВО,АО5121НА
29.01.2021,SKODA,OCTAVIA,2012,СІРИЙ,ДИЗЕЛЬНЕ ПАЛИВО,АО1597НА
27.03.2021,SKODA,OCTAVIA,2012,ЧОРНИЙ,ДИЗЕЛЬНЕ ПАЛИВО,ВК6349НН
16.03.2021,SKODA,OCTAVIA,2012,ЧОРНИЙ,БЕНЗИН,ВО1481СХ
16.03.2021,SKODA,SUPERB,2012,ЧОРНИЙ,ДИЗЕЛЬНЕ ПАЛИВО,ВО1344СХ
27.01.2021,SKODA,OCTAVIA,2012,БІЛИЙ,ДИЗЕЛЬНЕ ПАЛИВО,АО1057ЕХ
10.03.2021,SKODA,OCTAVIA,2012,СІРИЙ,ДИЗЕЛЬНЕ ПАЛИВО,АІ9935МІ
10.03.2021,SKODA,ROOMSTER,2012,ЧОРНИЙ,БЕНЗИН АБО ГАЗ,СЕ9251СТ
12.03.2021,SKODA,OCTAVIA,2012,СІРИЙ,ДИЗЕЛЬНЕ ПАЛИВО,АО4729ЕХ
26.03.2021,SKODA,OCTAVIA,2012,СІРИЙ,ДИЗЕЛЬНЕ ПАЛИВО,СА7448ІЕ
22.01.2021,SKODA,SUPERB,2012,СІРИЙ,ДИЗЕЛЬНЕ ПАЛИВО,АС6892ЕМ
03.03.2021,SKODA,OCTAVIA,2012,ЧОРНИЙ,ДИЗЕЛЬНЕ ПАЛИВО,АМ1721ЕО
23.02.2021,SKODA,YETI,2012,КОРИЧНЕВИЙ,БЕНЗИН,СЕ8623СТ
23.02.2021,SKODA,OCTAVIA,2012,БІЛИЙ,ДИЗЕЛЬНЕ ПАЛИВО,ВХ7468ЕО
29.01.2021,SKODA,FABIA,2012,БІЛИЙ,ДИЗЕЛЬНЕ ПАЛИВО,ВС2057МК
02.03.2021,SKODA,FABIA,2012,БІЛИЙ,ДИЗЕЛЬНЕ ПАЛИВО,АЕ4273ОХ
25.03.2021,SKODA,FABIA,2012,БІЛИЙ,ДИЗЕЛЬНЕ ПАЛИВО,АЕ4843ОХ
11.02.2021,SKODA,SUPERB,2012,СІРИЙ,ДИЗЕЛЬНЕ ПАЛИВО,ВС7128МЕ
15.01.2021,SKODA,OCTAVIA,2012,БІЛИЙ,ДИЗЕЛЬНЕ ПАЛИВО,ВМ8488ВВ
12.02.2021,SKODA,SUPERB,2012,СІРИЙ,ДИЗЕЛЬНЕ ПАЛИВО,ВО4670СР
22.01.2021,SKODA,FABIA,2012,БІЛИЙ,ДИЗЕЛЬНЕ ПАЛИВО,ВС5916МЕ
03.03.2021,SKODA,OCTAVIA,2012,СІРИЙ,ДИЗЕЛЬНЕ ПАЛИВО,АІ9292АІ
03.03.2021,SKODA,OCTAVIA,2012,СІРИЙ,ДИЗЕЛЬНЕ ПАЛИВО,ВМ6148СМ
17.03.2021,SKODA,ROOMSTER,2012,СІРИЙ,БЕНЗИН,АО6618НА
17.03.2021,SKODA,OCTAVIA,2012,СІРИЙ,ДИЗЕЛЬНЕ ПАЛИВО,АТ0242ЕО
27.01.2021,SKODA,OCTAVIA,2012,ЗЕЛЕНИЙ,БЕНЗИН,ВС5526МС
24.02.2021,SKODA,OCTAVIA,2012,БІЛИЙ,ДИЗЕЛЬНЕ ПАЛИВО,КА1302СО
04.03.2021,SKODA,OCTAVIA,2012,СИНІЙ,ДИЗЕЛЬНЕ ПАЛИВО,КА9206ВК
18.02.2021,SKODA,OCTAVIA,2012,ЧОРНИЙ,ДИЗЕЛЬНЕ ПАЛИВО,ВС9614МВ
27.02.2021,SKODA,ROOMSTER,2012,СІРИЙ,БЕНЗИН,ВІ3563НА
04.02.2021,SKODA,SUPERB,2012,СІРИЙ,ДИЗЕЛЬНЕ ПАЛИВО,АТ0265ЕР
27.01.2021,SKODA,FABIA,2012,СІРИЙ,БЕНЗИН,ВК7297НЕ
02.03.2021,SKODA,ROOMSTER,2012,БІЛИЙ,ДИЗЕЛЬНЕ ПАЛИВО,АЕ6038ОХ
31.03.2021,SKODA,OCTAVIA,2012,ЧОРНИЙ,БЕНЗИН,АМ2063ЕТ
11.03.2021,SKODA,OCTAVIA,2012,БІЛИЙ,БЕНЗИН,АО5705НА
11.02.2021,SKODA,OCTAVIA,2012,ЧОРНИЙ,ДИЗЕЛЬНЕ ПАЛИВО,ВС3032МН
16.01.2021,SKODA,OCTAVIA,2012,СІРИЙ,ДИЗЕЛЬНЕ ПАЛИВО,АО0670НА
27.01.2021,SKODA,ROOMSTER,2012,БІЛИЙ,БЕНЗИН,СЕ4653СТ
12.03.2021,SKODA,FABIA,2012,ЧОРНИЙ,ДИЗЕЛЬНЕ ПАЛИВО,ВХ9847ЕМ
24.03.2021,SKODA,FABIA,2012,ЧОРНИЙ,ДИЗЕЛЬНЕ ПАЛИВО,АЕ5294РА
06.02.2021,SKODA,OCTAVIA,2012,БІЛИЙ,БЕНЗИН АБО ГАЗ,АР0135ІЕ
25.03.2021,SKODA,SUPERB,2012,ЧОРНИЙ,ДИЗЕЛЬНЕ ПАЛИВО,ВХ9958ЕО
27.01.2021,SKODA,SUPERB,2012,КОРИЧНЕВИЙ,ДИЗЕЛЬНЕ ПАЛИВО,СА7782ІВ
23.02.2021,SKODA,SUPERB,2012,ЧЕРВОНИЙ,ДИЗЕЛЬНЕ ПАЛИВО,АМ9151ЕО
19.03.2021,SKODA,OCTAVIA,2012,СІРИЙ,ДИЗЕЛЬНЕ ПАЛИВО,АО1217НА
27.02.2021,SKODA,FABIA,2012,СИНІЙ,БЕНЗИН АБО ГАЗ,КА8732СО
25.02.2021,SKODA,FABIA,2012,БЕЖЕВИЙ,БЕНЗИН,ВК3669НЕ
06.02.2021,SKODA,OCTAVIA,2012,ЧОРНИЙ,ДИЗЕЛЬНЕ ПАЛИВО,ВО2586СР
18.02.2021,SKODA,SUPERB,2012,ЧОРНИЙ,ДИЗЕЛЬНЕ ПАЛИВО,АТ4926ЕО
10.03.2021,SKODA,OCTAVIA,2012,БІЛИЙ,ДИЗЕЛЬНЕ ПАЛИВО,ВХ7426ЕМ
27.01.2021,SKODA,OCTAVIA,2012,ЧЕРВОНИЙ,ДИЗЕЛЬНЕ ПАЛИВО,ВО2834СР
31.03.2021,SKODA,OCTAVIA,2012,БІЛИЙ,ДИЗЕЛЬНЕ ПАЛИВО,АМ6959ЕМ
31.03.2021,SKODA,FABIA,2012,БІЛИЙ,БЕНЗИН АБО ГАЗ,КА8737СА
05.02.2021,SKODA,OCTAVIA,2012,ЧОРНИЙ,ДИЗЕЛЬНЕ ПАЛИВО,ВС4709МН
18.02.2021,SKODA,OCTAVIA,2012,ЧОРНИЙ,ДИЗЕЛЬНЕ ПАЛИВО,ВС4248МВ
18.02.2021,SKODA,OCTAVIA,2012,СІРИЙ,ДИЗЕЛЬНЕ ПАЛИВО,АІ1107ММ
15.01.2021,SKODA,OCTAVIA,2012,ЧЕРВОНИЙ,ДИЗЕЛЬНЕ ПАЛИВО,ВТ4474СА
29.01.2021,SKODA,OCTAVIA,2012,ЧОРНИЙ,БЕНЗИН АБО ГАЗ,ВС7434МЕ
05.02.2021,SKODA,OCTAVIA,2012,ЧОРНИЙ,БЕНЗИН АБО ГАЗ,ВС2480МК
04.03.2021,SKODA,OCTAVIA,2012,СІРИЙ,ДИЗЕЛЬНЕ ПАЛИВО,АО5415НА
12.03.2021,SKODA,FABIA,2012,БІЛИЙ,БЕНЗИН,АЕ7282ОН
06.02.2021,SKODA,SUPERB,2012,ЧОРНИЙ,ДИЗЕЛЬНЕ ПАЛИВО,ВС8788ІМ
10.03.2021,SKODA,OCTAVIA,2012,ЧОРНИЙ,БЕНЗИН,АВ1101АХ
04.01.2021,SKODA,OCTAVIA,2012,СІРИЙ,ДИЗЕЛЬНЕ ПАЛИВО,СВ0219СХ
27.01.2021,SKODA,FABIA,2012,БІЛИЙ,ДИЗЕЛЬНЕ ПАЛИВО,ВС6306МК
09.02.2021,SKODA,FABIA,2012,БІЛИЙ,ДИЗЕЛЬНЕ ПАЛИВО,ВС4622МК
05.02.2021,SKODA,OCTAVIA,2012,БІЛИЙ,ДИЗЕЛЬНЕ ПАЛИВО,ВС5919МЕ
02.02.2021,SKODA,FABIA,2012,СІРИЙ,ДИЗЕЛЬНЕ ПАЛИВО,ВС3850МН
27.01.2021,SKODA,OCTAVIA,2012,ЧОРНИЙ,ДИЗЕЛЬНЕ ПАЛИВО,АВ4039ІА
20.02.2021,SKODA,OCTAVIA,2012,ЧОРНИЙ,ДИЗЕЛЬНЕ ПАЛИВО,АВ3513НТ
26.03.2021,SKODA,SUPERB,2012,СІРИЙ,ДИЗЕЛЬНЕ ПАЛИВО,АТ7910ЕР
04.01.2021,SKODA,OCTAVIA,2012,ЧОРНИЙ,ДИЗЕЛЬНЕ ПАЛИВО,ВС3054МЕ
05.01.2021,SKODA,OCTAVIA,2012,ЧОРНИЙ,ДИЗЕЛЬНЕ ПАЛИВО,ВС3142МЕ
02.02.2021,SKODA,FABIA,2012,СІРИЙ,БЕНЗИН,АХ8872КВ
23.03.2021,SKODA,OCTAVIA,2012,СІРИЙ,БЕНЗИН АБО ГАЗ,ВА9667ЕК
11.02.2021,SKODA,OCTAVIA,2012,СІРИЙ,ДИЗЕЛЬНЕ ПАЛИВО,КА9539СО
04.02.2021,SKODA,OCTAVIA,2012,СІРИЙ,ДИЗЕЛЬНЕ ПАЛИВО,АТ0738ЕР
16.01.2021,SKODA,OCTAVIA,2012,СІРИЙ,ДИЗЕЛЬНЕ ПАЛИВО,АМ6225ЕР
03.02.2021,SKODA,OCTAVIA,2012,СІРИЙ,ДИЗЕЛЬНЕ ПАЛИВО,АТ1224ЕО
26.01.2021,SKODA,FABIA,2012,БІЛИЙ,БЕНЗИН АБО ГАЗ,АВ3147ІА
23.01.2021,SKODA,OCTAVIA,2012,БІЛИЙ,ДИЗЕЛЬНЕ ПАЛИВО,СА4920ІЕ
09.02.2021,SKODA,FABIA,2012,СІРИЙ,БЕНЗИН,АВ5913НО
11.02.2021,SKODA,OCTAVIA,2012,ЧЕРВОНИЙ,ДИЗЕЛЬНЕ ПАЛИВО,КА9838СО
13.03.2021,SKODA,OCTAVIA,2012,ЧОРНИЙ,БЕНЗИН АБО ГАЗ,ВХ9862ЕМ
29.01.2021,SKODA,FABIA,2012,СИНІЙ,БЕНЗИН,АО1077ЕХ
30.03.2021,SKODA,FABIA,2012,СІРИЙ,БЕНЗИН,АО7164НА
25.03.2021,SKODA,FABIA,2012,СІРИЙ,БЕНЗИН,АО7135НА
31.03.2021,SKODA,OCTAVIA,2012,СІРИЙ,ДИЗЕЛЬНЕ ПАЛИВО,АТ0910ЕР
05.02.2021,SKODA,FABIA,2012,ЧОРНИЙ,ДИЗЕЛЬНЕ ПАЛИВО,АА6096КМ
31.03.2021,SKODA,OCTAVIA,2012,СІРИЙ,БЕНЗИН АБО ГАЗ,ВС0420МН
20.01.2021,SKODA,OCTAVIA,2012,ЧОРНИЙ,БЕНЗИН,АЕ7799АО
19.01.2021,SKODA,FABIA,2012,СІРИЙ,БЕНЗИН,АО0657НА
20.03.2021,SKODA,FABIA,2012,СІРИЙ,БЕНЗИН,АО6719НА
19.02.2021,SKODA,OCTAVIA,2012,БІЛИЙ,ДИЗЕЛЬНЕ ПАЛИВО,АО8021ЕХ
02.03.2021,SKODA,OCTAVIA,2012,СІРИЙ,ДИЗЕЛЬНЕ ПАЛИВО,АО5352НА
02.03.2021,SKODA,OCTAVIA,2012,СІРИЙ,ДИЗЕЛЬНЕ ПАЛИВО,АО5266НА
16.01.2021,SKODA,OCTAVIA A5,2012,СИНІЙ,ДИЗЕЛЬНЕ ПАЛИВО,АО0397НА
16.02.2021,SKODA,OCTAVIA A5,2012,СИНІЙ,ДИЗЕЛЬНЕ ПАЛИВО,АО2593НА
05.01.2021,SKODA,OCTAVIA,2012,СІРИЙ,БЕНЗИН АБО ГАЗ,АС3815ЕМ
27.01.2021,SKODA,OCTAVIA,2012,СІРИЙ,БЕНЗИН АБО ГАЗ,АІ0463МК
05.02.2021,SKODA,OCTAVIA,2012,СІРИЙ,ДИЗЕЛЬНЕ ПАЛИВО,ВХ0334ЕМ
30.03.2021,SKODA,OCTAVIA,2012,СІРИЙ,ДИЗЕЛЬНЕ ПАЛИВО,ВС0630ММ
05.03.2021,SKODA,FABIA,2012,СІРИЙ,БЕНЗИН,ВС4522МВ
02.03.2021,SKODA,OCTAVIA,2012,БІЛИЙ,ДИЗЕЛЬНЕ ПАЛИВО,АІ0993МК
30.03.2021,SKODA,SUPERB,2012,СІРИЙ,ДИЗЕЛЬНЕ ПАЛИВО,АМ1162ЕТ
30.03.2021,SKODA,SUPERB,2012,СІРИЙ,ДИЗЕЛЬНЕ ПАЛИВО,АМ9400ЕО
03.02.2021,SKODA,SUPERB,2012,КОРИЧНЕВИЙ,ДИЗЕЛЬНЕ ПАЛИВО,АО2355НА
06.01.2021,SKODA,SUPERB,2012,СІРИЙ,ДИЗЕЛЬНЕ ПАЛИВО,ВО8935СМ
18.02.2021,SKODA,OCTAVIA,2012,СІРИЙ,ДИЗЕЛЬНЕ ПАЛИВО,АО1135НА
09.02.2021,SKODA,OCTAVIA,2012,СІРИЙ,ДИЗЕЛЬНЕ ПАЛИВО,АО1135НА
04.01.2021,SKODA,OCTAVIA,2012,БІЛИЙ,ДИЗЕЛЬНЕ ПАЛИВО,АО7648ЕХ
12.01.2021,SKODA,OCTAVIA A5,2012,СІРИЙ,ДИЗЕЛЬНЕ ПАЛИВО,АО8845ЕХ
17.02.2021,SKODA,OCTAVIA,2012,СИНІЙ,БЕНЗИН АБО ГАЗ,АВ5826НХ
17.02.2021,SKODA,OCTAVIA,2012,СИНІЙ,БЕНЗИН АБО ГАЗ,КА3274СР
16.03.2021,SKODA,FABIA,2012,БІЛИЙ,ДИЗЕЛЬНЕ ПАЛИВО,ВО1480СХ
12.01.2021,SKODA,FABIA,2012,БІЛИЙ,ДИЗЕЛЬНЕ ПАЛИВО,ВО9548СМ
13.01.2021,SKODA,OCTAVIA,2012,ЧОРНИЙ,ДИЗЕЛЬНЕ ПАЛИВО,АС1497ЕК
05.01.2021,SKODA,OCTAVIA,2012,ЧОРНИЙ,БЕНЗИН,ВХ3090ЕР
26.03.2021,SKODA,OCTAVIA,2012,БІЛИЙ,ДИЗЕЛЬНЕ ПАЛИВО,АІ6864МК
25.02.2021,SKODA,OCTAVIA,2012,СІРИЙ,БЕНЗИН АБО ГАЗ,ВО5601СР
30.03.2021,SKODA,OCTAVIA A5,2012,ЧОРНИЙ,ДИЗЕЛЬНЕ ПАЛИВО,АВ7197НХ
20.02.2021,SKODA,SUPERB,2012,КОРИЧНЕВИЙ,ДИЗЕЛЬНЕ ПАЛИВО,ВМ3696СО
10.03.2021,SKODA,OCTAVIA,2012,СИНІЙ,БЕНЗИН,ВА8129ЕК
05.02.2021,SKODA,OCTAVIA,2012,СИНІЙ,БЕНЗИН,ВА6015ЕК
05.01.2021,SKODA,OCTAVIA,2012,СІРИЙ,ДИЗЕЛЬНЕ ПАЛИВО,АО5077ЕХ
15.01.2021,SKODA,FABIA,2012,СИНІЙ,БЕНЗИН,АТ1945ЕР
16.02.2021,SKODA,OCTAVIA,2012,СІРИЙ,ДИЗЕЛЬНЕ ПАЛИВО,АТ4694ЕО
15.01.2021,SKODA,FABIA,2012,СІРИЙ,ДИЗЕЛЬНЕ ПАЛИВО,ВС4523МЕ
04.01.2021,SKODA,SUPERB,2012,КОРИЧНЕВИЙ,ДИЗЕЛЬНЕ ПАЛИВО,АТ7394ЕО
30.03.2021,SKODA,OCTAVIA,2012,СІРИЙ,ДИЗЕЛЬНЕ ПАЛИВО,ВО1762СХ
20.02.2021,SKODA,OCTAVIA,2012,ЧЕРВОНИЙ,БЕНЗИН,АО7939ЕХ
19.02.2021,SKODA,SUPERB,2012,ЧОРНИЙ,БЕНЗИН,АС9323ЕК
03.02.2021,SKODA,OCTAVIA A5,2012,СІРИЙ,ДИЗЕЛЬНЕ ПАЛИВО,АЕ3627РА
20.01.2021,SKODA,OCTAVIA,2012,СІРИЙ,ДИЗЕЛЬНЕ ПАЛИВО,АМ6405ЕР
06.02.2021,SKODA,OCTAVIA,2012,СИНІЙ,ДИЗЕЛЬНЕ ПАЛИВО,АТ4788ЕО
20.01.2021,SKODA,OCTAVIA,2012,СИНІЙ,ДИЗЕЛЬНЕ ПАЛИВО,АТ3069ЕР
20.01.2021,SKODA,OCTAVIA A5,2012,СИНІЙ,ДИЗЕЛЬНЕ ПАЛИВО,АО0522НА
19.02.2021,SKODA,OCTAVIA A5,2012,СИНІЙ,ДИЗЕЛЬНЕ ПАЛИВО,АО8045ЕХ
29.01.2021,SKODA,OCTAVIA,2012,СІРИЙ,ДИЗЕЛЬНЕ ПАЛИВО,АО8772ЕХ
17.03.2021,SKODA,OCTAVIA,2012,СІРИЙ,ДИЗЕЛЬНЕ ПАЛИВО,АО1371НА
13.02.2021,SKODA,OCTAVIA,2012,СИНІЙ,ДИЗЕЛЬНЕ ПАЛИВО,АО8345ЕХ
05.01.2021,SKODA,OCTAVIA,2012,СИНІЙ,ДИЗЕЛЬНЕ ПАЛИВО,АО5304ЕХ
14.01.2021,SKODA,FABIA,2012,СІРИЙ,БЕНЗИН,АН6112ОІ
14.01.2021,SKODA,FABIA,2012,СІРИЙ,БЕНЗИН,АН6104ОІ
26.02.2021,SKODA,OCTAVIA,2012,СІРИЙ,ДИЗЕЛЬНЕ ПАЛИВО,АМ5514ЕМ
11.03.2021,SKODA,OCTAVIA,2012,СІРИЙ,ДИЗЕЛЬНЕ ПАЛИВО,ВС1645ММ
13.01.2021,SKODA,OCTAVIA A5,2012,ЧОРНИЙ,ДИЗЕЛЬНЕ ПАЛИВО,АО8813ЕХ
05.01.2021,SKODA,OCTAVIA,2012,СІРИЙ,БЕНЗИН,АЕ6835ОТ
14.01.2021,SKODA,OCTAVIA,2012,СІРИЙ,ДИЗЕЛЬНЕ ПАЛИВО,АС7256ЕК
16.02.2021,SKODA,FABIA,2012,БІЛИЙ,БЕНЗИН,КА2986СР
06.02.2021,SKODA,OCTAVIA A5,2012,БІЛИЙ,ДИЗЕЛЬНЕ ПАЛИВО,ВЕ6763ЕК
02.02.2021,SKODA,OCTAVIA,2012,ЧОРНИЙ,ДИЗЕЛЬНЕ ПАЛИВО,ВС4421МК
17.03.2021,SKODA,OCTAVIA,2012,СІРИЙ,ДИЗЕЛЬНЕ ПАЛИВО,АС7158ЕО
30.03.2021,SKODA,OCTAVIA,2012,СІРИЙ,БЕНЗИН,ВК6471НН
24.03.2021,SKODA,OCTAVIA A5,2012,СИНІЙ,ДИЗЕЛЬНЕ ПАЛИВО,ВХ7585ЕМ
20.01.2021,SKODA,YETI,2012,БЕЖЕВИЙ,ДИЗЕЛЬНЕ ПАЛИВО,ВС1337МЕ
26.02.2021,SKODA,OCTAVIA,2012,СІРИЙ,ДИЗЕЛЬНЕ ПАЛИВО,ВА6597ЕК
06.02.2021,SKODA,OCTAVIA,2012,СІРИЙ,БЕНЗИН,ВХ9261ЕМ
04.03.2021,SKODA,OCTAVIA,2012,СІРИЙ,БЕНЗИН,ВХ0380ЕО
26.02.2021,SKODA,OCTAVIA,2012,БІЛИЙ,БЕНЗИН,КА8982ВМ
29.01.2021,SKODA,OCTAVIA,2012,СИНІЙ,ДИЗЕЛЬНЕ ПАЛИВО,АО7188ЕХ
21.01.2021,SKODA,OCTAVIA,2012,СИНІЙ,ДИЗЕЛЬНЕ ПАЛИВО,АО5514ЕХ
30.03.2021,SKODA,OCTAVIA,2012,СІРИЙ,БЕНЗИН,ВО2618СХ
23.03.2021,SKODA,OCTAVIA,2012,СІРИЙ,БЕНЗИН АБО ГАЗ,ВС8972МК
23.03.2021,SKODA,OCTAVIA,2012,СІРИЙ,БЕНЗИН,ВС0407МН
16.03.2021,SKODA,OCTAVIA,2012,ЧОРНИЙ,ДИЗЕЛЬНЕ ПАЛИВО,АТ0901ЕО
02.03.2021,SKODA,OCTAVIA,2012,СІРИЙ,ДИЗЕЛЬНЕ ПАЛИВО,ВХ8348ЕМ
19.02.2021,SKODA,OCTAVIA,2012,СІРИЙ,ДИЗЕЛЬНЕ ПАЛИВО,ВХ8749ЕМ
04.01.2021,SKODA,OCTAVIA,2012,СІРИЙ,ДИЗЕЛЬНЕ ПАЛИВО,ВС7627МС
20.03.2021,SKODA,FABIA,2012,БІЛИЙ,БЕНЗИН АБО ГАЗ,ВМ2851СО
23.03.2021,SKODA,ROOMSTER,2012,СІРИЙ,ДИЗЕЛЬНЕ ПАЛИВО,АО6465НА
20.03.2021,SKODA,FABIA,2012,СІРИЙ,БЕНЗИН,ВІ4519ЕЕ
05.02.2021,SKODA,SUPERB,2012,ЧОРНИЙ,ДИЗЕЛЬНЕ ПАЛИВО,АО1087НА
02.02.2021,SKODA,FABIA,2012,БІЛИЙ,БЕНЗИН,АО9725ЕТ
15.01.2021,SKODA,OCTAVIA,2012,СІРИЙ,ДИЗЕЛЬНЕ ПАЛИВО,ВН6740ОІ
03.03.2021,SKODA,OCTAVIA,2012,СІРИЙ,ДИЗЕЛЬНЕ ПАЛИВО,ВН6740ОІ
03.03.2021,SKODA,OCTAVIA,2012,СІРИЙ,ДИЗЕЛЬНЕ ПАЛИВО,ВН5088ОН
18.02.2021,SKODA,OCTAVIA,2012,СІРИЙ,ДИЗЕЛЬНЕ ПАЛИВО,ВХ4428ЕМ
20.03.2021,SKODA,OCTAVIA,2012,СІРИЙ,БЕНЗИН,АТ3238ЕО
04.02.2021,SKODA,FABIA,2012,СІРИЙ,ДИЗЕЛЬНЕ ПАЛИВО,АТ0418ЕР
02.03.2021,SKODA,ROOMSTER,2012,СІРИЙ,БЕНЗИН,ВХ7953ЕМ
02.03.2021,SKODA,SUPERB,2012,ЧЕРВОНИЙ,ДИЗЕЛЬНЕ ПАЛИВО,АС4009ЕО
05.01.2021,SKODA,ROOMSTER,2012,СИНІЙ,ДИЗЕЛЬНЕ ПАЛИВО,АС9532ЕІ
19.01.2021,SKODA,OCTAVIA,2012,БІЛИЙ,ДИЗЕЛЬНЕ ПАЛИВО,КА4828СО
20.03.2021,SKODA,OCTAVIA,2012,ЧОРНИЙ,БЕНЗИН АБО ГАЗ,ВІ5431НА
23.03.2021,SKODA,OCTAVIA,2012,ЧОРНИЙ,ДИЗЕЛЬНЕ ПАЛИВО,АВ9152НХ
10.02.2021,SKODA,OCTAVIA,2012,ЧОРНИЙ,ДИЗЕЛЬНЕ ПАЛИВО,АТ5694ЕО
25.03.2021,SKODA,SUPERB,2012,ЧОРНИЙ,ДИЗЕЛЬНЕ ПАЛИВО,СЕ1146СХ
10.02.2021,SKODA,FABIA,2012,БІЛИЙ,БЕНЗИН АБО ГАЗ,АО3154НА
17.02.2021,SKODA,FABIA,2012,СІРИЙ,БЕНЗИН АБО ГАЗ,АЕ4209ОО
12.01.2021,SKODA,OCTAVIA,2012,СІРИЙ,ДИЗЕЛЬНЕ ПАЛИВО,СА7377СВ
05.01.2021,SKODA,OCTAVIA,2012,СІРИЙ,ДИЗЕЛЬНЕ ПАЛИВО,ВС7333ІР
15.01.2021,SKODA,OCTAVIA,2012,БІЛИЙ,ДИЗЕЛЬНЕ ПАЛИВО,АО9006НА
05.01.2021,SKODA,SUPERB,2012,ЧОРНИЙ,ДИЗЕЛЬНЕ ПАЛИВО,АТ1152ЕО
13.02.2021,SKODA,OCTAVIA,2012,СІРИЙ,ДИЗЕЛЬНЕ ПАЛИВО,АВ6349НО
12.02.2021,SKODA,FABIA,2012,СІРИЙ,ДИЗЕЛЬНЕ ПАЛИВО,СЕ6133СТ
20.02.2021,SKODA,FABIA,2012,СІРИЙ,ДИЗЕЛЬНЕ ПАЛИВО,АН4714ОІ
04.02.2021,SKODA,FABIA,2012,СІРИЙ,ДИЗЕЛЬНЕ ПАЛИВО,АВ4247ІА
20.02.2021,SKODA,OCTAVIA,2012,ЧОРНИЙ,ДИЗЕЛЬНЕ ПАЛИВО,ВК6318НВ
11.02.2021,SKODA,OCTAVIA,2012,СІРИЙ,ДИЗЕЛЬНЕ ПАЛИВО,АС4194ЕМ
02.03.2021,SKODA,FABIA,2012,СІРИЙ,БЕНЗИН АБО ГАЗ,ВС2291МК
17.02.2021,SKODA,FABIA,2012,СІРИЙ,БЕНЗИН АБО ГАЗ,ВС4894МК
10.03.2021,SKODA,OCTAVIA A5,2012,ЧОРНИЙ,ДИЗЕЛЬНЕ ПАЛИВО,АО6228НА
29.01.2021,SKODA,OCTAVIA,2012,СІРИЙ,ДИЗЕЛЬНЕ ПАЛИВО,АВ4202НО
24.03.2021,SKODA,FABIA,2012,БІЛИЙ,ДИЗЕЛЬНЕ ПАЛИВО,ВІ4399НА
06.02.2021,SKODA,FABIA,2012,БІЛИЙ,БЕНЗИН АБО ГАЗ,АО7411ЕХ
21.01.2021,SKODA,OCTAVIA,2012,БІЛИЙ,БЕНЗИН,АІ0196МК
25.02.2021,SKODA,OCTAVIA,2012,БІЛИЙ,ДИЗЕЛЬНЕ ПАЛИВО,АТ3756ЕО
29.01.2021,SKODA,OCTAVIA COMBI,2012,ЧЕРВОНИЙ,ДИЗЕЛЬНЕ ПАЛИВО,СЕ5200ВО
25.03.2021,SKODA,SUPERB,2012,ЧОРНИЙ,ДИЗЕЛЬНЕ ПАЛИВО,СА3863ІЕ
24.02.2021,SKODA,FABIA,2012,ЧОРНИЙ,БЕНЗИН АБО ГАЗ,ВС3076МК
12.01.2021,SKODA,SUPERB,2012,ЧОРНИЙ,ДИЗЕЛЬНЕ ПАЛИВО,АО5154ЕХ
12.02.2021,SKODA,FABIA,2012,ЧОРНИЙ,ДИЗЕЛЬНЕ ПАЛИВО,АР2172ІС
12.02.2021,SKODA,FABIA,2012,БІЛИЙ,БЕНЗИН АБО ГАЗ,ВА6985ЕК
23.03.2021,SKODA,FABIA,2012,БІЛИЙ,БЕНЗИН АБО ГАЗ,АО7112НА
26.02.2021,SKODA,OCTAVIA,2012,БІЛИЙ,БЕНЗИН АБО ГАЗ,ВО5613СР
12.01.2021,SKODA,OCTAVIA A5,2012,СІРИЙ,ДИЗЕЛЬНЕ ПАЛИВО,АЕ6142ОН
16.01.2021,SKODA,OCTAVIA,2012,БІЛИЙ,ДИЗЕЛЬНЕ ПАЛИВО,ВЕ4934СЕ
28.01.2021,SKODA,OCTAVIA,2012,БІЛИЙ,ДИЗЕЛЬНЕ ПАЛИВО,АМ4460ЕО
19.02.2021,SKODA,FABIA,2012,БІЛИЙ,БЕНЗИН АБО ГАЗ,ВІ1573НА
19.03.2021,SKODA,FABIA,2012,БІЛИЙ,ДИЗЕЛЬНЕ ПАЛИВО,АС8133ЕМ
24.03.2021,SKODA,OCTAVIA,2012,ЧОРНИЙ,ДИЗЕЛЬНЕ ПАЛИВО,АС4417ЕО
18.02.2021,SKODA,OCTAVIA,2012,СІРИЙ,ДИЗЕЛЬНЕ ПАЛИВО,АО9240ЕХ
19.03.2021,SKODA,FABIA,2012,СІРИЙ,БЕНЗИН АБО ГАЗ,ВС4045ММ
20.03.2021,SKODA,FABIA,2012,СІРИЙ,БЕНЗИН АБО ГАЗ,ВС6921МВ
12.02.2021,SKODA,FABIA,2012,БІЛИЙ,БЕНЗИН АБО ГАЗ,ВА6995ЕК
13.02.2021,SKODA,OCTAVIA,2012,СІРИЙ,БЕНЗИН,ВК2926НН
15.01.2021,SKODA,SUPERB,2012,ЧОРНИЙ,ДИЗЕЛЬНЕ ПАЛИВО,АО5234ЕХ
02.02.2021,SKODA,SUPERB,2012,ЧОРНИЙ,ДИЗЕЛЬНЕ ПАЛИВО,АО9719ЕТ
05.01.2021,SKODA,SUPERB,2012,СІРИЙ,ДИЗЕЛЬНЕ ПАЛИВО,АО5316ЕХ
04.02.2021,SKODA,OCTAVIA,2012,СІРИЙ,ДИЗЕЛЬНЕ ПАЛИВО,АВ0885ВН
14.01.2021,SKODA,OCTAVIA,2012,СІРИЙ,ДИЗЕЛЬНЕ ПАЛИВО,АМ5015ЕМ
19.03.2021,SKODA,OCTAVIA,2012,БІЛИЙ,ДИЗЕЛЬНЕ ПАЛИВО,ВІ5351НА
05.02.2021,SKODA,OCTAVIA,2012,БІЛИЙ,БЕНЗИН АБО ГАЗ,АВ4268ІА
16.02.2021,SKODA,OCTAVIA,2012,БІЛИЙ,БЕНЗИН АБО ГАЗ,АХ2433КС
02.02.2021,SKODA,OCTAVIA,2012,БІЛИЙ,ДИЗЕЛЬНЕ ПАЛИВО,СА9872НТ
06.03.2021,SKODA,OCTAVIA,2012,СИНІЙ,БЕНЗИН АБО ГАЗ,ВН4507ОЕ
11.03.2021,SKODA,OCTAVIA,2012,ЧОРНИЙ,ДИЗЕЛЬНЕ ПАЛИВО,АО6229НА
19.03.2021,SKODA,OCTAVIA,2012,ЧОРНИЙ,БЕНЗИН АБО ГАЗ,ВС8027МК
19.03.2021,SKODA,OCTAVIA,2012,СИНІЙ,ДИЗЕЛЬНЕ ПАЛИВО,АВ6348ІА
19.03.2021,SKODA,OCTAVIA,2012,СИНІЙ,ДИЗЕЛЬНЕ ПАЛИВО,АВ8315ІА
17.03.2021,SKODA,OCTAVIA,2012,СИНІЙ,ДИЗЕЛЬНЕ ПАЛИВО,АМ7050ЕР
27.02.2021,SKODA,OCTAVIA,2012,БІЛИЙ,ДИЗЕЛЬНЕ ПАЛИВО,ВО3016СР
08.01.2021,SKODA,OCTAVIA,2012,СІРИЙ,ДИЗЕЛЬНЕ ПАЛИВО,АО5129ЕХ
20.02.2021,SKODA,OCTAVIA A5,2012,СІРИЙ,ДИЗЕЛЬНЕ ПАЛИВО,ВК8010НС
18.03.2021,SKODA,OCTAVIA,2012,СІРИЙ,ДИЗЕЛЬНЕ ПАЛИВО,АЕ6294ОР
25.03.2021,SKODA,OCTAVIA,2012,СІРИЙ,БЕНЗИН,АЕ4469РА
24.02.2021,SKODA,SUPERB,2012,СІРИЙ,ДИЗЕЛЬНЕ ПАЛИВО,АС2506ЕМ
05.02.2021,SKODA,SUPERB,2012,БІЛИЙ,ДИЗЕЛЬНЕ ПАЛИВО,ВК2689НН
24.02.2021,SKODA,OCTAVIA,2012,БІЛИЙ,ДИЗЕЛЬНЕ ПАЛИВО,СА2397ІЕ
12.03.2021,SKODA,OCTAVIA,2012,БІЛИЙ,ДИЗЕЛЬНЕ ПАЛИВО,СА1020ІА
28.01.2021,SKODA,OCTAVIA,2012,СИНІЙ,БЕНЗИН АБО ГАЗ,АЕ0139ОР
25.03.2021,SKODA,FABIA,2012,БІЛИЙ,БЕНЗИН,АО1947НА
05.03.2021,SKODA,OCTAVIA,2012,БЕЖЕВИЙ,ДИЗЕЛЬНЕ ПАЛИВО,ВМ6144СО
11.03.2021,SKODA,OCTAVIA,2012,ЧОРНИЙ,ДИЗЕЛЬНЕ ПАЛИВО,АС0889ЕМ
28.01.2021,SKODA,OCTAVIA,2012,СІРИЙ,БЕНЗИН,АВ3885ІА
05.01.2021,SKODA,FABIA,2012,СІРИЙ,БЕНЗИН АБО ГАЗ,КА6244ВТ
11.03.2021,SKODA,FABIA,2012,БІЛИЙ,БЕНЗИН АБО ГАЗ,ВН6813ОК
24.03.2021,SKODA,FABIA,2012,СІРИЙ,ДИЗЕЛЬНЕ ПАЛИВО,АВ6601НР
20.03.2021,SKODA,OCTAVIA,2012,СІРИЙ,ДИЗЕЛЬНЕ ПАЛИВО,ВС7746МК
20.03.2021,SKODA,OCTAVIA,2012,ЧЕРВОНИЙ,ДИЗЕЛЬНЕ ПАЛИВО,ВО5733СМ
26.02.2021,SKODA,OCTAVIA,2012,БІЛИЙ,БЕНЗИН АБО ГАЗ,КА1219ВО
23.02.2021,SKODA,OCTAVIA,2012,БІЛИЙ,БЕНЗИН АБО ГАЗ,ВХ7795ЕМ
09.01.2021,SKODA,OCTAVIA,2012,ЧОРНИЙ,ДИЗЕЛЬНЕ ПАЛИВО,АТ2530ЕР
06.01.2021,SKODA,OCTAVIA,2012,СИНІЙ,БЕНЗИН АБО ГАЗ,ВС4868МВ
06.03.2021,SKODA,SUPERB,2012,ЧОРНИЙ,ДИЗЕЛЬНЕ ПАЛИВО,ВО6559СР
26.03.2021,SKODA,FABIA,2012,СІРИЙ,ДИЗЕЛЬНЕ ПАЛИВО,ВХ7526ЕО
05.01.2021,SKODA,FABIA,2012,БІЛИЙ,БЕНЗИН,АО6977ЕХ
13.01.2021,SKODA,ROOMSTER,2012,СІРИЙ,БЕНЗИН,ВХ9115ЕМ
18.02.2021,SKODA,OCTAVIA,2012,ЧОРНИЙ,ДИЗЕЛЬНЕ ПАЛИВО,АМ5411ЕМ
30.03.2021,SKODA,FABIA,2012,БІЛИЙ,БЕНЗИН АБО ГАЗ,АТ5651ЕТ
03.03.2021,SKODA,OCTAVIA,2012,СІРИЙ,ДИЗЕЛЬНЕ ПАЛИВО,ВО0257СО
12.01.2021,SKODA,OCTAVIA,2012,БІЛИЙ,ДИЗЕЛЬНЕ ПАЛИВО,ВС2273МС
30.03.2021,SKODA,OCTAVIA,2012,ЧОРНИЙ,ДИЗЕЛЬНЕ ПАЛИВО,АІ6657МК
21.01.2021,SKODA,OCTAVIA,2012,БІЛИЙ,ДИЗЕЛЬНЕ ПАЛИВО,ВО1769СР
04.03.2021,SKODA,OCTAVIA,2012,СІРИЙ,ДИЗЕЛЬНЕ ПАЛИВО,ВО6434СР
10.03.2021,SKODA,OCTAVIA,2012,СІРИЙ,ДИЗЕЛЬНЕ ПАЛИВО,АІ6348ММ
06.03.2021,SKODA,OCTAVIA,2012,ЧОРНИЙ,ДИЗЕЛЬНЕ ПАЛИВО,ВК4323НЕ
18.03.2021,SKODA,OCTAVIA,2012,СІРИЙ,ДИЗЕЛЬНЕ ПАЛИВО,ВХ9374ЕМ
05.03.2021,SKODA,OCTAVIA,2012,СІРИЙ,ДИЗЕЛЬНЕ ПАЛИВО,ВК3227НН
06.01.2021,SKODA,OCTAVIA,2012,СІРИЙ,ДИЗЕЛЬНЕ ПАЛИВО,ВК4131НВ
06.03.2021,SKODA,FABIA,2012,СІРИЙ,ДИЗЕЛЬНЕ ПАЛИВО,АЕ9349РА
05.02.2021,SKODA,OCTAVIA,2012,СІРИЙ,ДИЗЕЛЬНЕ ПАЛИВО,ВС4717МН
06.01.2021,SKODA,OCTAVIA,2012,СИНІЙ,ДИЗЕЛЬНЕ ПАЛИВО,АВ3093НХ
17.02.2021,SKODA,YETI,2012,ЧЕРВОНИЙ,БЕНЗИН,ВІ2021НС
31.03.2021,SKODA,OCTAVIA,2012,БІЛИЙ,ДИЗЕЛЬНЕ ПАЛИВО,ВА0831ЕМ
31.03.2021,SKODA,ROOMSTER,2012,БІЛИЙ,БЕНЗИН АБО ГАЗ,ВК6640НН
02.02.2021,SKODA,FABIA,2012,СІРИЙ,БЕНЗИН АБО ГАЗ,АО1769НА
04.03.2021,SKODA,SUPERB,2012,ЧОРНИЙ,ДИЗЕЛЬНЕ ПАЛИВО,АС2013ЕО
