D_REG,BRAND,MODEL,MAKE_YEAR,COLOR,FUEL
03.02.2021,SKODA,OCTAVIA A5,2012,БЕЖЕВИЙ,БЕНЗИН
25.02.2021,SKODA,YETI,2012,КОРИЧНЕВИЙ,БЕНЗИН
02.03.2021,SKODA,OCTAVIA A5,2012,ЧОРНИЙ,ДИЗЕЛЬНЕ ПАЛИВО
30.03.2021,SKODA,OCTAVIA A5,2012,БІЛИЙ,БЕНЗИН АБО ГАЗ
26.01.2021,SKODA,SUPERB,2012,СІРИЙ,БЕНЗИН
22.01.2021,SKODA,OCTAVIA A5,2012,БЕЖЕВИЙ,ДИЗЕЛЬНЕ ПАЛИВО
13.03.2021,SKODA,FABIA,2012,БІЛИЙ,БЕНЗИН АБО ГАЗ
18.02.2021,SKODA,OCTAVIA A5,2012,ЧОРНИЙ,БЕНЗИН
05.01.2021,SKODA,OCTAVIA A5,2012,СІРИЙ,БЕНЗИН
20.01.2021,SKODA,OCTAVIA A5,2012,СІРИЙ,ДИЗЕЛЬНЕ ПАЛИВО
21.01.2021,SKODA,OCTAVIA A5,2012,ЗЕЛЕНИЙ,БЕНЗИН АБО ГАЗ
02.02.2021,SKODA,OCTAVIA A5,2012,ЧОРНИЙ,БЕНЗИН АБО ГАЗ
26.03.2021,SKODA,FABIA,2012,ЗЕЛЕНИЙ,БЕНЗИН
30.03.2021,SKODA,OCTAVIA A5,2012,СІРИЙ,БЕНЗИН АБО ГАЗ
27.03.2021,SKODA,OCTAVIA A5,2012,СІРИЙ,БЕНЗИН АБО ГАЗ
20.03.2021,SKODA,OCTAVIA A5,2012,СІРИЙ,БЕНЗИН
02.02.2021,SKODA,FABIA,2012,БІЛИЙ,БЕНЗИН
18.02.2021,SKODA,SUPERB,2012,СІРИЙ,БЕНЗИН
20.01.2021,SKODA,OCTAVIA A5,2012,ЧОРНИЙ,БЕНЗИН
30.03.2021,SKODA,SUPERB,2012,ЧОРНИЙ,БЕНЗИН
23.01.2021,SKODA,OCTAVIA A5,2012,БІЛИЙ,БЕНЗИН
24.02.2021,SKODA,OCTAVIA A5,2012,СІРИЙ,ДИЗЕЛЬНЕ ПАЛИВО
03.02.2021,SKODA,OCTAVIA A5,2012,СІРИЙ,БЕНЗИН
17.03.2021,SKODA,YETI,2012,БЕЖЕВИЙ,БЕНЗИН
30.01.2021,SKODA,OCTAVIA A5,2012,БЕЖЕВИЙ,БЕНЗИН АБО ГАЗ
17.02.2021,SKODA,OCTAVIA A5,2012,БІЛИЙ,БЕНЗИН
03.03.2021,SKODA,OCTAVIA A5,2012,СІРИЙ,БЕНЗИН АБО ГАЗ
14.01.2021,SKODA,FABIA,2012,БІЛИЙ,БЕНЗИН
23.03.2021,SKODA,SUPERB,2012,ЧОРНИЙ,БЕНЗИН
20.03.2021,SKODA,OCTAVIA A5,2012,БІЛИЙ,ДИЗЕЛЬНЕ ПАЛИВО
16.03.2021,SKODA,FABIA,2012,БЕЖЕВИЙ,БЕНЗИН АБО ГАЗ
26.02.2021,SKODA,OCTAVIA A5,2012,БІЛИЙ,БЕНЗИН
11.02.2021,SKODA,OCTAVIA A5,2012,БІЛИЙ,БЕНЗИН
20.02.2021,SKODA,FABIA,2012,БІЛИЙ,БЕНЗИН АБО ГАЗ
13.02.2021,SKODA,SUPERB,2012,БІЛИЙ,ДИЗЕЛЬНЕ ПАЛИВО
27.02.2021,SKODA,SUPERB,2012,БІЛИЙ,ДИЗЕЛЬНЕ ПАЛИВО
10.03.2021,SKODA,FABIA,2012,СІРИЙ,БЕНЗИН
16.03.2021,SKODA,FABIA,2012,БЕЖЕВИЙ,БЕНЗИН
06.01.2021,SKODA,OCTAVIA A5,2012,ЧОРНИЙ,ДИЗЕЛЬНЕ ПАЛИВО
06.01.2021,SKODA,FABIA,2012,СИНІЙ,БЕНЗИН
16.01.2021,SKODA,OCTAVIA A5,2012,СІРИЙ,ДИЗЕЛЬНЕ ПАЛИВО
24.03.2021,SKODA,FABIA,2012,ЧЕРВОНИЙ,БЕНЗИН
18.02.2021,SKODA,FABIA,2012,БІЛИЙ,БЕНЗИН
12.02.2021,SKODA,SUPERB,2012,ЧОРНИЙ,БЕНЗИН АБО ГАЗ
04.01.2021,SKODA,SUPERB,2012,ЧОРНИЙ,БЕНЗИН АБО ГАЗ
26.02.2021,SKODA,OCTAVIA A5,2012,ЧОРНИЙ,БЕНЗИН
20.02.2021,SKODA,SUPERB,2012,КОРИЧНЕВИЙ,БЕНЗИН
21.01.2021,SKODA,SUPERB,2012,КОРИЧНЕВИЙ,БЕНЗИН
09.01.2021,SKODA,OCTAVIA,2012,ЗЕЛЕНИЙ,БЕНЗИН
24.03.2021,SKODA,FABIA,2012,СІРИЙ,БЕНЗИН АБО ГАЗ
25.02.2021,SKODA,FABIA,2012,БІЛИЙ,БЕНЗИН
13.01.2021,SKODA,OCTAVIA A5,2012,ЧОРНИЙ,БЕНЗИН
05.02.2021,SKODA,OCTAVIA A5,2012,БІЛИЙ,БЕНЗИН
22.01.2021,SKODA,SUPERB,2012,СІРИЙ,БЕНЗИН АБО ГАЗ
13.03.2021,SKODA,SUPERB,2012,КОРИЧНЕВИЙ,БЕНЗИН
20.03.2021,SKODA,OCTAVIA A5,2012,ЧОРНИЙ,БЕНЗИН
09.02.2021,SKODA,OCTAVIA A5,2012,БІЛИЙ,БЕНЗИН АБО ГАЗ
21.01.2021,SKODA,FABIA,2012,СІРИЙ,БЕНЗИН АБО ГАЗ
13.02.2021,SKODA,FABIA,2012,БІЛИЙ,БЕНЗИН АБО ГАЗ
06.01.2021,SKODA,FABIA,2012,БІЛИЙ,БЕНЗИН
26.02.2021,SKODA,OCTAVIA A5,2012,БІЛИЙ,БЕНЗИН АБО ГАЗ
06.01.2021,SKODA,SUPERB,2012,КОРИЧНЕВИЙ,БЕНЗИН
10.03.2021,SKODA,OCTAVIA A5,2012,СІРИЙ,ДИЗЕЛЬНЕ ПАЛИВО
10.03.2021,SKODA,OCTAVIA A5,2012,ЧОРНИЙ,БЕНЗИН
18.03.2021,SKODA,OCTAVIA A5,2012,ЗЕЛЕНИЙ,БЕНЗИН
19.02.2021,SKODA,OCTAVIA A5,2012,ЗЕЛЕНИЙ,БЕНЗИН АБО ГАЗ
09.02.2021,SKODA,FABIA,2012,БЕЖЕВИЙ,БЕНЗИН АБО ГАЗ
12.01.2021,SKODA,SUPERB,2012,СІРИЙ,БЕНЗИН
04.01.2021,SKODA,FABIA,2012,ЧЕРВОНИЙ,БЕНЗИН
20.01.2021,SKODA,FABIA,2012,ЧЕРВОНИЙ,БЕНЗИН
10.03.2021,SKODA,SUPERB,2012,ЧОРНИЙ,БЕНЗИН
18.02.2021,SKODA,OCTAVIA A5,2012,БІЛИЙ,БЕНЗИН
27.02.2021,SKODA,OCTAVIA A5,2012,БІЛИЙ,БЕНЗИН
02.02.2021,SKODA,OCTAVIA A5,2012,ЧОРНИЙ,БЕНЗИН АБО ГАЗ
23.02.2021,SKODA,FABIA,2012,ЖОВТИЙ,БЕНЗИН АБО ГАЗ
28.01.2021,SKODA,FABIA,2012,СІРИЙ,БЕНЗИН
28.01.2021,SKODA,FABIA,2012,СІРИЙ,БЕНЗИН
21.01.2021,SKODA,FABIA,2012,ЖОВТИЙ,БЕНЗИН
21.01.2021,SKODA,FABIA,2012,БІЛИЙ,БЕНЗИН АБО ГАЗ
14.01.2021,SKODA,FABIA,2012,ЖОВТИЙ,БЕНЗИН АБО ГАЗ
27.01.2021,SKODA,FABIA,2012,ЖОВТИЙ,БЕНЗИН АБО ГАЗ
25.02.2021,SKODA,FABIA,2012,ЖОВТИЙ,БЕНЗИН
12.01.2021,SKODA,OCTAVIA A5,2012,БІЛИЙ,ДИЗЕЛЬНЕ ПАЛИВО
06.02.2021,SKODA,FABIA,2012,БІЛИЙ,БЕНЗИН
11.02.2021,SKODA,OCTAVIA A5,2012,БІЛИЙ,БЕНЗИН
11.02.2021,SKODA,FABIA,2012,БЕЖЕВИЙ,БЕНЗИН
04.01.2021,SKODA,SUPERB,2012,КОРИЧНЕВИЙ,БЕНЗИН
17.02.2021,SKODA,OCTAVIA A5,2012,СІРИЙ,БЕНЗИН
12.02.2021,SKODA,OCTAVIA A5 COMBI,2012,БІЛИЙ,БЕНЗИН
06.01.2021,SKODA,FABIA,2012,ЧЕРВОНИЙ,БЕНЗИН
24.03.2021,SKODA,SUPERB,2012,СІРИЙ,БЕНЗИН
23.02.2021,SKODA,YETI,2012,КОРИЧНЕВИЙ,БЕНЗИН
25.02.2021,SKODA,FABIA,2012,ЖОВТИЙ,БЕНЗИН
06.02.2021,SKODA,FABIA,2012,СІРИЙ,БЕНЗИН АБО ГАЗ
13.01.2021,SKODA,FABIA,2012,ЧЕРВОНИЙ,БЕНЗИН
05.03.2021,SKODA,OCTAVIA A5,2012,СІРИЙ,БЕНЗИН АБО ГАЗ
30.01.2021,SKODA,OCTAVIA A5,2012,СІРИЙ,БЕНЗИН
28.01.2021,SKODA,SUPERB,2012,КОРИЧНЕВИЙ,БЕНЗИН
02.02.2021,SKODA,OCTAVIA A5 COMBI,2012,СІРИЙ,БЕНЗИН
17.03.2021,SKODA,YETI,2012,СІРИЙ,ДИЗЕЛЬНЕ ПАЛИВО
28.01.2021,SKODA,OCTAVIA A5,2012,СІРИЙ,ДИЗЕЛЬНЕ ПАЛИВО
02.03.2021,SKODA,FABIA,2012,СІРИЙ,БЕНЗИН
16.01.2021,SKODA,OCTAVIA A5,2012,ЗЕЛЕНИЙ,БЕНЗИН АБО ГАЗ
03.02.2021,SKODA,OCTAVIA A5,2012,СІРИЙ,ДИЗЕЛЬНЕ ПАЛИВО
16.03.2021,SKODA,OCTAVIA,2012,СІРИЙ,БЕНЗИН
06.02.2021,SKODA,SUPERB,2012,СІРИЙ,БЕНЗИН АБО ГАЗ
04.03.2021,SKODA,SUPERB,2012,СІРИЙ,БЕНЗИН АБО ГАЗ
09.02.2021,SKODA,SUPERB,2012,ЧОРНИЙ,БЕНЗИН
11.03.2021,SKODA,FABIA,2012,БІЛИЙ,БЕНЗИН АБО ГАЗ
20.03.2021,SKODA,FABIA,2012,БІЛИЙ,БЕНЗИН
13.02.2021,SKODA,OCTAVIA A5,2012,ЧОРНИЙ,БЕНЗИН АБО ГАЗ
11.02.2021,SKODA,FABIA,2012,БІЛИЙ,БЕНЗИН АБО ГАЗ
18.03.2021,SKODA,FABIA,2012,БІЛИЙ,БЕНЗИН АБО ГАЗ
05.03.2021,SKODA,FABIA,2012,БІЛИЙ,БЕНЗИН
04.03.2021,SKODA,SUPERB,2012,ЧЕРВОНИЙ,БЕНЗИН
18.03.2021,SKODA,OCTAVIA A5,2012,ЧОРНИЙ,БЕНЗИН АБО ГАЗ
12.02.2021,SKODA,SUPERB,2012,СІРИЙ,БЕНЗИН
12.02.2021,SKODA,SUPERB,2012,СІРИЙ,БЕНЗИН
16.01.2021,SKODA,OCTAVIA A5,2012,БІЛИЙ,БЕНЗИН
27.02.2021,SKODA,OCTAVIA A5,2012,БЕЖЕВИЙ,ДИЗЕЛЬНЕ ПАЛИВО
06.03.2021,SKODA,OCTAVIA A5,2012,СІРИЙ,БЕНЗИН АБО ГАЗ
20.02.2021,SKODA,SUPERB,2012,БІЛИЙ,БЕНЗИН
20.02.2021,SKODA,FABIA,2012,СІРИЙ,БЕНЗИН АБО ГАЗ
13.02.2021,SKODA,FABIA,2012,БІЛИЙ,БЕНЗИН АБО ГАЗ
30.03.2021,SKODA,FABIA,2012,СІРИЙ,БЕНЗИН
05.03.2021,SKODA,OCTAVIA A5,2012,СІРИЙ,БЕНЗИН
24.02.2021,SKODA,OCTAVIA A5,2012,ЧОРНИЙ,БЕНЗИН
12.03.2021,SKODA,FABIA,2012,БІЛИЙ,БЕНЗИН
14.01.2021,SKODA,FABIA,2012,БІЛИЙ,БЕНЗИН
27.03.2021,SKODA,SUPERB,2012,СІРИЙ,БЕНЗИН
17.03.2021,SKODA,SUPERB,2012,СІРИЙ,БЕНЗИН
06.02.2021,SKODA,OCTAVIA A5,2012,БІЛИЙ,БЕНЗИН АБО ГАЗ
28.01.2021,SKODA,FABIA,2012,БІЛИЙ,БЕНЗИН
13.01.2021,SKODA,FABIA,2012,БІЛИЙ,БЕНЗИН АБО ГАЗ
11.02.2021,SKODA,OCTAVIA A5,2012,ЧОРНИЙ,ДИЗЕЛЬНЕ ПАЛИВО
13.03.2021,SKODA,FABIA,2012,БІЛИЙ,БЕНЗИН АБО ГАЗ
10.02.2021,SKODA,OCTAVIA,2012,ЧОРНИЙ,БЕНЗИН
12.03.2021,SKODA,SUPERB,2012,БІЛИЙ,БЕНЗИН
06.01.2021,SKODA,FABIA,2012,БІЛИЙ,БЕНЗИН АБО ГАЗ
17.03.2021,SKODA,OCTAVIA A5,2012,ЧОРНИЙ,БЕНЗИН
24.03.2021,SKODA,OCTAVIA A5,2012,БЕЖЕВИЙ,ДИЗЕЛЬНЕ ПАЛИВО
04.02.2021,SKODA,OCTAVIA A5,2012,БІЛИЙ,ДИЗЕЛЬНЕ ПАЛИВО
23.03.2021,SKODA,OCTAVIA A5,2012,СІРИЙ,БЕНЗИН
18.02.2021,SKODA,SUPERB,2012,ЧОРНИЙ,БЕНЗИН
17.02.2021,SKODA,OCTAVIA,2012,БЕЖЕВИЙ,БЕНЗИН
24.02.2021,SKODA,OCTAVIA A5,2012,СІРИЙ,ДИЗЕЛЬНЕ ПАЛИВО
20.03.2021,SKODA,OCTAVIA,2012,СІРИЙ,БЕНЗИН
26.03.2021,SKODA,OCTAVIA A5,2012,ЧОРНИЙ,БЕНЗИН АБО ГАЗ
20.02.2021,SKODA,OCTAVIA A5,2012,СИНІЙ,БЕНЗИН
13.03.2021,SKODA,OCTAVIA A5 COMBI,2012,БІЛИЙ,БЕНЗИН
17.02.2021,SKODA,SUPERB,2012,БІЛИЙ,БЕНЗИН
17.02.2021,SKODA,SUPERB,2012,БІЛИЙ,БЕНЗИН
11.02.2021,SKODA,YETI,2012,КОРИЧНЕВИЙ,БЕНЗИН
02.02.2021,SKODA,YETI,2012,КОРИЧНЕВИЙ,БЕНЗИН
04.01.2021,SKODA,SUPERB,2012,ЧОРНИЙ,БЕНЗИН
25.03.2021,SKODA,OCTAVIA,2012,СИНІЙ,БЕНЗИН
02.02.2021,SKODA,OCTAVIA A5,2012,СІРИЙ,ДИЗЕЛЬНЕ ПАЛИВО
02.02.2021,SKODA,OCTAVIA A5,2012,СІРИЙ,ДИЗЕЛЬНЕ ПАЛИВО
16.03.2021,SKODA,OCTAVIA A5,2012,СІРИЙ,ДИЗЕЛЬНЕ ПАЛИВО
11.02.2021,SKODA,OCTAVIA A5,2012,СІРИЙ,ДИЗЕЛЬНЕ ПАЛИВО
20.02.2021,SKODA,OCTAVIA A5,2012,БЕЖЕВИЙ,ДИЗЕЛЬНЕ ПАЛИВО
09.02.2021,SKODA,SUPERB,2012,СІРИЙ,БЕНЗИН
26.03.2021,SKODA,OCTAVIA A5,2012,БЕЖЕВИЙ,БЕНЗИН
06.01.2021,SKODA,SUPERB,2012,БЕЖЕВИЙ,БЕНЗИН АБО ГАЗ
23.02.2021,SKODA,SUPERB,2012,БЕЖЕВИЙ,БЕНЗИН
06.02.2021,SKODA,OCTAVIA A5,2012,СІРИЙ,БЕНЗИН АБО ГАЗ
31.03.2021,SKODA,OCTAVIA A5,2012,ЧОРНИЙ,ДИЗЕЛЬНЕ ПАЛИВО
25.02.2021,SKODA,OCTAVIA A5,2012,ЧОРНИЙ,БЕНЗИН
03.03.2021,SKODA,YETI,2012,КОРИЧНЕВИЙ,БЕНЗИН
04.03.2021,SKODA,SUPERB,2012,ЧЕРВОНИЙ,БЕНЗИН
27.01.2021,SKODA,YETI,2012,БЕЖЕВИЙ,БЕНЗИН
20.03.2021,SKODA,FABIA,2012,СІРИЙ,БЕНЗИН АБО ГАЗ
30.03.2021,SKODA,FABIA,2012,СІРИЙ,БЕНЗИН АБО ГАЗ
10.02.2021,SKODA,OCTAVIA A5,2012,ЧОРНИЙ,БЕНЗИН
11.03.2021,SKODA,OCTAVIA A5,2012,СІРИЙ,БЕНЗИН
04.01.2021,SKODA,OCTAVIA A5,2012,СІРИЙ,БЕНЗИН
19.03.2021,SKODA,OCTAVIA A5,2012,ЧОРНИЙ,БЕНЗИН АБО ГАЗ
05.01.2021,SKODA,SUPERB,2012,ЧОРНИЙ,БЕНЗИН
06.02.2021,SKODA,OCTAVIA A5,2012,ЧЕРВОНИЙ,БЕНЗИН
02.02.2021,SKODA,OCTAVIA A5,2012,СІРИЙ,БЕНЗИН
19.03.2021,SKODA,SUPERB,2012,ЧОРНИЙ,БЕНЗИН АБО ГАЗ
29.01.2021,SKODA,SUPERB,2012,ЧОРНИЙ,БЕНЗИН АБО ГАЗ
08.01.2021,SKODA,YETI,2012,СІРИЙ,БЕНЗИН
20.03.2021,SKODA,SUPERB,2012,ЧОРНИЙ,БЕНЗИН
25.02.2021,SKODA,FABIA,2012,БІЛИЙ,БЕНЗИН
23.02.2021,SKODA,OCTAVIA A5,2012,СІРИЙ,БЕНЗИН АБО ГАЗ
25.03.2021,SKODA,SUPERB,2012,БЕЖЕВИЙ,БЕНЗИН
20.02.2021,SKODA,SUPERB,2012,БЕЖЕВИЙ,БЕНЗИН
18.02.2021,SKODA,OCTAVIA A5,2012,СІРИЙ,БЕНЗИН
20.01.2021,SKODA,SUPERB,2012,БІЛИЙ,БЕНЗИН
27.01.2021,SKODA,SUPERB,2012,БІЛИЙ,БЕНЗИН
30.01.2021,SKODA,YETI,2012,БЕЖЕВИЙ,БЕНЗИН
12.03.2021,SKODA,OCTAVIA A5,2012,БЕЖЕВИЙ,БЕНЗИН
27.03.2021,SKODA,SUPERB,2012,ЧОРНИЙ,БЕНЗИН
13.02.2021,SKODA,OCTAVIA A5,2012,БІЛИЙ,БЕНЗИН
25.03.2021,SKODA,SUPERB,2012,БЕЖЕВИЙ,БЕНЗИН
21.01.2021,SKODA,ROOMSTER,2012,БІЛИЙ,БЕНЗИН АБО ГАЗ
21.01.2021,SKODA,ROOMSTER,2012,БІЛИЙ,БЕНЗИН АБО ГАЗ
02.02.2021,SKODA,SUPERB,2012,СІРИЙ,БЕНЗИН
25.02.2021,SKODA,SUPERB,2012,СІРИЙ,БЕНЗИН
19.02.2021,SKODA,SUPERB,2012,СІРИЙ,БЕНЗИН
02.03.2021,SKODA,OCTAVIA A5,2012,СІРИЙ,БЕНЗИН АБО ГАЗ
06.03.2021,SKODA,SUPERB,2012,ЧОРНИЙ,БЕНЗИН
19.03.2021,SKODA,OCTAVIA A5 COMBI,2012,БІЛИЙ,БЕНЗИН АБО ГАЗ
02.02.2021,SKODA,YETI,2012,ЧОРНИЙ,БЕНЗИН
17.03.2021,SKODA,FABIA,2012,ЧЕРВОНИЙ,БЕНЗИН
19.01.2021,SKODA,OCTAVIA A5,2012,БЕЖЕВИЙ,ДИЗЕЛЬНЕ ПАЛИВО
21.01.2021,SKODA,SUPERB,2012,ЧОРНИЙ,БЕНЗИН
24.03.2021,SKODA,SUPERB,2012,ЧОРНИЙ,БЕНЗИН
19.01.2021,SKODA,OCTAVIA,2012,БЕЖЕВИЙ,БЕНЗИН
18.03.2021,SKODA,OCTAVIA A5,2012,СІРИЙ,БЕНЗИН
21.01.2021,SKODA,OCTAVIA,2012,СІРИЙ,ДИЗЕЛЬНЕ ПАЛИВО
12.01.2021,SKODA,OCTAVIA A5,2012,СІРИЙ,БЕНЗИН
31.03.2021,SKODA,FABIA,2012,БЕЖЕВИЙ,БЕНЗИН
02.03.2021,SKODA,FABIA,2012,ЗЕЛЕНИЙ,БЕНЗИН
04.03.2021,SKODA,FABIA,2012,СІРИЙ,БЕНЗИН
18.03.2021,SKODA,FABIA,2012,СІРИЙ,БЕНЗИН
10.03.2021,SKODA,OCTAVIA A5,2012,БЕЖЕВИЙ,БЕНЗИН АБО ГАЗ
27.03.2021,SKODA,FABIA,2012,СІРИЙ,БЕНЗИН АБО ГАЗ
23.02.2021,SKODA,YETI,2012,БЕЖЕВИЙ,БЕНЗИН
04.03.2021,SKODA,YETI,2012,СИНІЙ,БЕНЗИН
21.01.2021,SKODA,SUPERB,2012,БЕЖЕВИЙ,БЕНЗИН
19.01.2021,SKODA,OCTAVIA A5,2012,ЧОРНИЙ,БЕНЗИН
27.03.2021,SKODA,OCTAVIA A5,2012,БІЛИЙ,БЕНЗИН
25.03.2021,SKODA,OCTAVIA A5,2012,БІЛИЙ,БЕНЗИН
10.03.2021,SKODA,SUPERB,2012,СІРИЙ,БЕНЗИН АБО ГАЗ
05.01.2021,SKODA,FABIA,2012,СІРИЙ,БЕНЗИН АБО ГАЗ
17.02.2021,SKODA,YETI,2012,КОРИЧНЕВИЙ,БЕНЗИН
29.01.2021,SKODA,YETI,2012,КОРИЧНЕВИЙ,БЕНЗИН
23.03.2021,SKODA,FABIA,2012,СІРИЙ,БЕНЗИН
25.03.2021,SKODA,FABIA,2012,БІЛИЙ,БЕНЗИН АБО ГАЗ
26.03.2021,SKODA,OCTAVIA,2012,ЧОРНИЙ,БЕНЗИН АБО ГАЗ
12.03.2021,SKODA,SUPERB,2012,ЧОРНИЙ,БЕНЗИН АБО ГАЗ
26.01.2021,SKODA,FABIA,2012,ЗЕЛЕНИЙ,БЕНЗИН
02.03.2021,SKODA,FABIA,2012,ЗЕЛЕНИЙ,БЕНЗИН
05.01.2021,SKODA,OCTAVIA A5,2012,СІРИЙ,БЕНЗИН
25.03.2021,SKODA,OCTAVIA,2012,СІРИЙ,БЕНЗИН
19.02.2021,SKODA,OCTAVIA A5,2012,БЕЖЕВИЙ,БЕНЗИН АБО ГАЗ
03.02.2021,SKODA,OCTAVIA A5,2012,СІРИЙ,БЕНЗИН
10.03.2021,SKODA,OCTAVIA,2012,СІРИЙ,БЕНЗИН
09.02.2021,SKODA,SUPERB,2012,ЧОРНИЙ,БЕНЗИН
18.03.2021,SKODA,OCTAVIA A5,2012,СІРИЙ,БЕНЗИН АБО ГАЗ
23.02.2021,SKODA,OCTAVIA A5,2012,ЧОРНИЙ,БЕНЗИН АБО ГАЗ
09.02.2021,SKODA,OCTAVIA A5,2012,БІЛИЙ,БЕНЗИН АБО ГАЗ
04.02.2021,SKODA,OCTAVIA A5,2012,СІРИЙ,БЕНЗИН АБО ГАЗ
14.01.2021,SKODA,OCTAVIA A5,2012,СІРИЙ,БЕНЗИН
29.01.2021,SKODA,OCTAVIA A5,2012,БІЛИЙ,БЕНЗИН
13.01.2021,SKODA,OCTAVIA A5,2012,БІЛИЙ,БЕНЗИН
09.02.2021,SKODA,OCTAVIA,2012,СІРИЙ,БЕНЗИН
30.03.2021,SKODA,FABIA,2012,СІРИЙ,БЕНЗИН
04.02.2021,SKODA,OCTAVIA A5,2012,СІРИЙ,БЕНЗИН
06.03.2021,SKODA,OCTAVIA A5,2012,СІРИЙ,БЕНЗИН
26.01.2021,SKODA,OCTAVIA A5,2012,СІРИЙ,БЕНЗИН
02.02.2021,SKODA,OCTAVIA A5,2012,СІРИЙ,БЕНЗИН
30.01.2021,SKODA,FABIA,2012,СІРИЙ,БЕНЗИН АБО ГАЗ
31.03.2021,SKODA,OCTAVIA A5,2012,ЧОРНИЙ,БЕНЗИН
30.03.2021,SKODA,SUPERB,2012,БІЛИЙ,БЕНЗИН АБО ГАЗ
18.03.2021,SKODA,OCTAVIA A5,2012,БІЛИЙ,БЕНЗИН АБО ГАЗ
09.02.2021,SKODA,FABIA,2012,СИНІЙ,БЕНЗИН
18.03.2021,SKODA,FABIA,2012,СІРИЙ,БЕНЗИН АБО ГАЗ
26.03.2021,SKODA,OCTAVIA A5,2012,СІРИЙ,БЕНЗИН
13.01.2021,SKODA,SUPERB,2012,БЕЖЕВИЙ,БЕНЗИН АБО ГАЗ
23.03.2021,SKODA,OCTAVIA,2012,СІРИЙ,БЕНЗИН АБО ГАЗ
19.03.2021,SKODA,OCTAVIA,2012,СІРИЙ,БЕНЗИН АБО ГАЗ
31.03.2021,SKODA,OCTAVIA A5,2012,БІЛИЙ,ДИЗЕЛЬНЕ ПАЛИВО
23.02.2021,SKODA,FABIA,2012,ЗЕЛЕНИЙ,БЕНЗИН АБО ГАЗ
12.02.2021,SKODA,SUPERB,2012,ЧОРНИЙ,БЕНЗИН
26.01.2021,SKODA,OCTAVIA A5,2012,БІЛИЙ,БЕНЗИН
05.03.2021,SKODA,OCTAVIA A5,2012,БІЛИЙ,БЕНЗИН АБО ГАЗ
23.01.2021,SKODA,OCTAVIA A5,2012,СІРИЙ,БЕНЗИН
16.02.2021,SKODA,FABIA,2012,СІРИЙ,БЕНЗИН АБО ГАЗ
13.03.2021,SKODA,FABIA,2012,СІРИЙ,БЕНЗИН АБО ГАЗ
12.03.2021,SKODA,FABIA,2012,СІРИЙ,БЕНЗИН АБО ГАЗ
30.01.2021,SKODA,FABIA,2012,БЕЖЕВИЙ,БЕНЗИН АБО ГАЗ
30.01.2021,SKODA,FABIA,2012,БЕЖЕВИЙ,БЕНЗИН АБО ГАЗ
25.02.2021,SKODA,OCTAVIA A5,2012,ЧОРНИЙ,БЕНЗИН
06.01.2021,SKODA,OCTAVIA A5,2012,СІРИЙ,БЕНЗИН
12.01.2021,SKODA,OCTAVIA A5,2012,БІЛИЙ,БЕНЗИН
25.03.2021,SKODA,OCTAVIA A5,2012,ЧОРНИЙ,БЕНЗИН АБО ГАЗ
16.02.2021,SKODA,FABIA,2012,СІРИЙ,БЕНЗИН
13.02.2021,SKODA,SUPERB,2012,ЧОРНИЙ,БЕНЗИН
06.01.2021,SKODA,OCTAVIA A5,2012,СІРИЙ,БЕНЗИН
12.01.2021,SKODA,OCTAVIA A5,2012,СИНІЙ,БЕНЗИН
17.03.2021,SKODA,OCTAVIA,2012,БІЛИЙ,БЕНЗИН АБО ГАЗ
23.02.2021,SKODA,OCTAVIA,2012,СІРИЙ,БЕНЗИН
03.02.2021,SKODA,OCTAVIA,2012,БІЛИЙ,ДИЗЕЛЬНЕ ПАЛИВО
20.03.2021,SKODA,OCTAVIA A5,2012,СІРИЙ,ДИЗЕЛЬНЕ ПАЛИВО
10.03.2021,SKODA,OCTAVIA A5,2012,ЧОРНИЙ,БЕНЗИН
02.02.2021,SKODA,OCTAVIA A5,2012,ЧОРНИЙ,БЕНЗИН
03.02.2021,SKODA,OCTAVIA A5,2012,БІЛИЙ,БЕНЗИН АБО ГАЗ
04.03.2021,SKODA,OCTAVIA A5,2012,СІРИЙ,БЕНЗИН АБО ГАЗ
23.03.2021,SKODA,OCTAVIA A5,2012,ЧОРНИЙ,БЕНЗИН
19.01.2021,SKODA,OCTAVIA A5,2012,СІРИЙ,БЕНЗИН
09.02.2021,SKODA,OCTAVIA A5,2012,БІЛИЙ,БЕНЗИН АБО ГАЗ
13.01.2021,SKODA,OCTAVIA,2012,БІЛИЙ,БЕНЗИН АБО ГАЗ
03.02.2021,SKODA,FABIA,2012,БІЛИЙ,ДИЗЕЛЬНЕ ПАЛИВО
23.01.2021,SKODA,FABIA,2012,БІЛИЙ,БЕНЗИН АБО ГАЗ
16.03.2021,SKODA,OCTAVIA,2012,БЕЖЕВИЙ,БЕНЗИН
24.03.2021,SKODA,OCTAVIA,2012,БЕЖЕВИЙ,БЕНЗИН
11.02.2021,SKODA,SUPERB,2012,БЕЖЕВИЙ,БЕНЗИН
11.03.2021,SKODA,OCTAVIA A5,2012,СІРИЙ,БЕНЗИН
16.03.2021,SKODA,OCTAVIA A5,2012,ЧОРНИЙ,БЕНЗИН
23.03.2021,SKODA,SUPERB,2012,ЧОРНИЙ,ДИЗЕЛЬНЕ ПАЛИВО
05.02.2021,SKODA,SUPERB,2012,СИНІЙ,ДИЗЕЛЬНЕ ПАЛИВО
16.03.2021,SKODA,OCTAVIA A5,2012,СІРИЙ,БЕНЗИН
31.03.2021,SKODA,SUPERB,2012,ЧОРНИЙ,БЕНЗИН
20.02.2021,SKODA,OCTAVIA A5,2012,БЕЖЕВИЙ,ДИЗЕЛЬНЕ ПАЛИВО
27.03.2021,SKODA,OCTAVIA A5,2012,БІЛИЙ,ДИЗЕЛЬНЕ ПАЛИВО
05.02.2021,SKODA,OCTAVIA A5,2012,ЧОРНИЙ,БЕНЗИН АБО ГАЗ
20.03.2021,SKODA,FABIA,2012,СІРИЙ,БЕНЗИН
24.03.2021,SKODA,OCTAVIA A5,2012,СІРИЙ,ДИЗЕЛЬНЕ ПАЛИВО
26.03.2021,SKODA,OCTAVIA A5,2012,СІРИЙ,БЕНЗИН АБО ГАЗ
28.01.2021,SKODA,OCTAVIA,2012,СІРИЙ,БЕНЗИН АБО ГАЗ
31.03.2021,SKODA,FABIA,2012,СИНІЙ,БЕНЗИН
23.01.2021,SKODA,OCTAVIA,2012,ЧОРНИЙ,БЕНЗИН
13.02.2021,SKODA,OCTAVIA A5,2012,СІРИЙ,БЕНЗИН АБО ГАЗ
25.02.2021,SKODA,ROOMSTER,2012,БЕЖЕВИЙ,БЕНЗИН
24.02.2021,SKODA,OCTAVIA,2012,БЕЖЕВИЙ,БЕНЗИН АБО ГАЗ
06.02.2021,SKODA,OCTAVIA,2012,БЕЖЕВИЙ,БЕНЗИН
23.02.2021,SKODA,FABIA,2012,СІРИЙ,БЕНЗИН
18.03.2021,SKODA,SUPERB,2012,ЧОРНИЙ,ДИЗЕЛЬНЕ ПАЛИВО
20.02.2021,SKODA,FABIA,2012,СІРИЙ,БЕНЗИН
26.02.2021,SKODA,FABIA,2012,СИНІЙ,БЕНЗИН
15.01.2021,SKODA,OCTAVIA A5,2012,СІРИЙ,БЕНЗИН
15.01.2021,SKODA,OCTAVIA A5,2012,СІРИЙ,БЕНЗИН
10.03.2021,SKODA,OCTAVIA A5,2012,ЧЕРВОНИЙ,БЕНЗИН АБО ГАЗ
16.03.2021,SKODA,OCTAVIA A5,2012,ЧЕРВОНИЙ,БЕНЗИН АБО ГАЗ
20.03.2021,SKODA,OCTAVIA A5,2012,БЕЖЕВИЙ,БЕНЗИН
23.01.2021,SKODA,SUPERB,2012,КОРИЧНЕВИЙ,ДИЗЕЛЬНЕ ПАЛИВО
27.02.2021,SKODA,SUPERB,2012,ЧОРНИЙ,ДИЗЕЛЬНЕ ПАЛИВО
19.01.2021,SKODA,FABIA,2012,БІЛИЙ,БЕНЗИН
12.02.2021,SKODA,OCTAVIA A5,2012,СІРИЙ,БЕНЗИН
05.01.2021,SKODA,OCTAVIA A5,2012,СІРИЙ,БЕНЗИН
11.03.2021,SKODA,FABIA,2012,БЕЖЕВИЙ,БЕНЗИН АБО ГАЗ
23.02.2021,SKODA,SUPERB,2012,ЧОРНИЙ,ДИЗЕЛЬНЕ ПАЛИВО
12.01.2021,SKODA,SUPERB,2012,КОРИЧНЕВИЙ,БЕНЗИН
20.03.2021,SKODA,OCTAVIA A5,2012,БІЛИЙ,БЕНЗИН АБО ГАЗ
06.03.2021,SKODA,OCTAVIA A5,2012,СІРИЙ,БЕНЗИН АБО ГАЗ
19.01.2021,SKODA,OCTAVIA A5,2012,СІРИЙ,БЕНЗИН
15.01.2021,SKODA,OCTAVIA,2012,ЧОРНИЙ,БЕНЗИН
11.02.2021,SKODA,OCTAVIA A5,2012,БІЛИЙ,БЕНЗИН АБО ГАЗ
11.03.2021,SKODA,SUPERB,2012,БІЛИЙ,ДИЗЕЛЬНЕ ПАЛИВО
19.03.2021,SKODA,FABIA,2012,ЧЕРВОНИЙ,БЕНЗИН
16.01.2021,SKODA,FABIA,2012,СІРИЙ,БЕНЗИН
15.01.2021,SKODA,OCTAVIA,2012,СІРИЙ,ДИЗЕЛЬНЕ ПАЛИВО
11.03.2021,SKODA,FABIA,2012,СИНІЙ,БЕНЗИН АБО ГАЗ
03.02.2021,SKODA,OCTAVIA,2012,ЧОРНИЙ,ДИЗЕЛЬНЕ ПАЛИВО
02.02.2021,SKODA,OCTAVIA,2012,БІЛИЙ,БЕНЗИН АБО ГАЗ
12.01.2021,SKODA,OCTAVIA,2012,БІЛИЙ,БЕНЗИН АБО ГАЗ
15.01.2021,SKODA,OCTAVIA,2012,ЧОРНИЙ,ДИЗЕЛЬНЕ ПАЛИВО
18.03.2021,SKODA,OCTAVIA,2012,БІЛИЙ,ДИЗЕЛЬНЕ ПАЛИВО
20.02.2021,SKODA,FABIA,2012,СІРИЙ,БЕНЗИН АБО ГАЗ
13.01.2021,SKODA,SUPERB,2012,СІРИЙ,ДИЗЕЛЬНЕ ПАЛИВО
05.01.2021,SKODA,OCTAVIA A5,2012,СІРИЙ,БЕНЗИН
02.02.2021,SKODA,OCTAVIA,2012,СІРИЙ,ДИЗЕЛЬНЕ ПАЛИВО
28.01.2021,SKODA,FABIA,2012,БІЛИЙ,БЕНЗИН
24.03.2021,SKODA,OCTAVIA A5 RS,2012,ЧОРНИЙ,БЕНЗИН
05.03.2021,SKODA,FABIA,2012,БІЛИЙ,БЕНЗИН АБО ГАЗ
13.02.2021,SKODA,OCTAVIA,2012,БІЛИЙ,БЕНЗИН
10.02.2021,SKODA,OCTAVIA A5,2012,ЧЕРВОНИЙ,ДИЗЕЛЬНЕ ПАЛИВО
12.02.2021,SKODA,FABIA,2012,БЕЖЕВИЙ,БЕНЗИН АБО ГАЗ
09.01.2021,SKODA,OCTAVIA,2012,ЧОРНИЙ,ДИЗЕЛЬНЕ ПАЛИВО
25.03.2021,SKODA,ROOMSTER,2012,БІЛИЙ,ДИЗЕЛЬНЕ ПАЛИВО
05.02.2021,SKODA,FABIA,2012,БЕЖЕВИЙ,БЕНЗИН
26.02.2021,SKODA,SUPERB,2012,БІЛИЙ,ДИЗЕЛЬНЕ ПАЛИВО
13.01.2021,SKODA,SUPERB,2012,ЧОРНИЙ,БЕНЗИН
16.03.2021,SKODA,OCTAVIA A5,2012,СІРИЙ,БЕНЗИН
20.03.2021,SKODA,OCTAVIA,2012,БІЛИЙ,БЕНЗИН АБО ГАЗ
12.03.2021,SKODA,OCTAVIA,2012,ЧОРНИЙ,ДИЗЕЛЬНЕ ПАЛИВО
22.01.2021,SKODA,SUPERB,2012,БІЛИЙ,ДИЗЕЛЬНЕ ПАЛИВО
11.02.2021,SKODA,SUPERB,2012,СІРИЙ,ДИЗЕЛЬНЕ ПАЛИВО
13.01.2021,SKODA,OCTAVIA COMBI,2012,СІРИЙ,ДИЗЕЛЬНЕ ПАЛИВО
02.03.2021,SKODA,FABIA,2012,СІРИЙ,ДИЗЕЛЬНЕ ПАЛИВО
02.03.2021,SKODA,OCTAVIA,2012,СИНІЙ,ДИЗЕЛЬНЕ ПАЛИВО
06.03.2021,SKODA,OCTAVIA,2012,БІЛИЙ,ДИЗЕЛЬНЕ ПАЛИВО
17.03.2021,SKODA,OCTAVIA A5 COMBI,2012,СІРИЙ,БЕНЗИН
31.03.2021,SKODA,SUPERB,2012,ЧОРНИЙ,ДИЗЕЛЬНЕ ПАЛИВО
21.01.2021,SKODA,SUPERB,2012,КОРИЧНЕВИЙ,ДИЗЕЛЬНЕ ПАЛИВО
24.03.2021,SKODA,OCTAVIA,2012,СІРИЙ,БЕНЗИН
16.02.2021,SKODA,FABIA,2012,СІРИЙ,БЕНЗИН АБО ГАЗ
10.03.2021,SKODA,OCTAVIA A5,2012,СІРИЙ,ДИЗЕЛЬНЕ ПАЛИВО
27.02.2021,SKODA,OCTAVIA,2012,СІРИЙ,ДИЗЕЛЬНЕ ПАЛИВО
13.01.2021,SKODA,ROOMSTER,2012,БІЛИЙ,БЕНЗИН АБО ГАЗ
13.02.2021,SKODA,ROOMSTER,2012,БІЛИЙ,БЕНЗИН АБО ГАЗ
03.02.2021,SKODA,ROOMSTER,2012,БІЛИЙ,БЕНЗИН АБО ГАЗ
13.01.2021,SKODA,OCTAVIA,2012,СІРИЙ,ДИЗЕЛЬНЕ ПАЛИВО
19.01.2021,SKODA,OCTAVIA,2012,ЧЕРВОНИЙ,ДИЗЕЛЬНЕ ПАЛИВО
10.03.2021,SKODA,OCTAVIA,2012,БІЛИЙ,ДИЗЕЛЬНЕ ПАЛИВО
27.01.2021,SKODA,OCTAVIA,2012,ЧОРНИЙ,ДИЗЕЛЬНЕ ПАЛИВО
03.03.2021,SKODA,OCTAVIA,2012,БІЛИЙ,ДИЗЕЛЬНЕ ПАЛИВО
05.01.2021,SKODA,OCTAVIA,2012,ЧОРНИЙ,ДИЗЕЛЬНЕ ПАЛИВО
26.02.2021,SKODA,YETI,2012,БЕЖЕВИЙ,БЕНЗИН АБО ГАЗ
05.02.2021,SKODA,FABIA,2012,БІЛИЙ,БЕНЗИН
04.02.2021,SKODA,OCTAVIA,2012,БІЛИЙ,ДИЗЕЛЬНЕ ПАЛИВО
20.01.2021,SKODA,OCTAVIA,2012,СІРИЙ,ДИЗЕЛЬНЕ ПАЛИВО
20.03.2021,SKODA,OCTAVIA,2012,СІРИЙ,ДИЗЕЛЬНЕ ПАЛИВО
06.02.2021,SKODA,OCTAVIA,2012,БІЛИЙ,ДИЗЕЛЬНЕ ПАЛИВО
05.03.2021,SKODA,OCTAVIA,2012,СІРИЙ,ДИЗЕЛЬНЕ ПАЛИВО
04.01.2021,SKODA,YETI,2012,КОРИЧНЕВИЙ,ДИЗЕЛЬНЕ ПАЛИВО
19.03.2021,SKODA,FABIA,2012,СІРИЙ,БЕНЗИН
09.02.2021,SKODA,SUPERB,2012,ЧОРНИЙ,ДИЗЕЛЬНЕ ПАЛИВО
13.02.2021,SKODA,FABIA,2012,СІРИЙ,ДИЗЕЛЬНЕ ПАЛИВО
11.02.2021,SKODA,FABIA,2012,СІРИЙ,ДИЗЕЛЬНЕ ПАЛИВО
19.02.2021,SKODA,OCTAVIA A5,2012,ЧОРНИЙ,БЕНЗИН АБО ГАЗ
29.01.2021,SKODA,SUPERB,2012,ЧОРНИЙ,ДИЗЕЛЬНЕ ПАЛИВО
27.02.2021,SKODA,SUPERB,2012,СІРИЙ,ДИЗЕЛЬНЕ ПАЛИВО
04.02.2021,SKODA,OCTAVIA A5 COMBI,2012,БІЛИЙ,БЕНЗИН
19.03.2021,SKODA,SUPERB,2012,КОРИЧНЕВИЙ,ДИЗЕЛЬНЕ ПАЛИВО
09.01.2021,SKODA,SUPERB,2012,СІРИЙ,ДИЗЕЛЬНЕ ПАЛИВО
31.03.2021,SKODA,OCTAVIA,2012,ЧОРНИЙ,ДИЗЕЛЬНЕ ПАЛИВО
31.03.2021,SKODA,OCTAVIA A5,2012,СІРИЙ,БЕНЗИН АБО ГАЗ
17.02.2021,SKODA,OCTAVIA A5,2012,СІРИЙ,БЕНЗИН АБО ГАЗ
30.01.2021,SKODA,FABIA,2012,СИНІЙ,БЕНЗИН АБО ГАЗ
12.01.2021,SKODA,FABIA,2012,БІЛИЙ,БЕНЗИН
23.02.2021,SKODA,FABIA,2012,БІЛИЙ,БЕНЗИН
06.03.2021,SKODA,OCTAVIA,2012,СІРИЙ,ДИЗЕЛЬНЕ ПАЛИВО
24.02.2021,SKODA,OCTAVIA,2012,СИНІЙ,ДИЗЕЛЬНЕ ПАЛИВО
19.02.2021,SKODA,SUPERB,2012,ЧОРНИЙ,ДИЗЕЛЬНЕ ПАЛИВО
08.01.2021,SKODA,SUPERB,2012,СІРИЙ,ДИЗЕЛЬНЕ ПАЛИВО
23.01.2021,SKODA,OCTAVIA A5,2012,СІРИЙ,БЕНЗИН
31.03.2021,SKODA,FABIA,2012,БІЛИЙ,БЕНЗИН АБО ГАЗ
02.03.2021,SKODA,SUPERB,2012,СИНІЙ,ДИЗЕЛЬНЕ ПАЛИВО
23.01.2021,SKODA,SUPERB,2012,КОРИЧНЕВИЙ,ДИЗЕЛЬНЕ ПАЛИВО
21.01.2021,SKODA,OCTAVIA,2012,БІЛИЙ,ДИЗЕЛЬНЕ ПАЛИВО
21.01.2021,SKODA,OCTAVIA,2012,БІЛИЙ,ДИЗЕЛЬНЕ ПАЛИВО
29.01.2021,SKODA,OCTAVIA,2012,БІЛИЙ,ДИЗЕЛЬНЕ ПАЛИВО
29.01.2021,SKODA,OCTAVIA,2012,БІЛИЙ,ДИЗЕЛЬНЕ ПАЛИВО
10.02.2021,SKODA,FABIA,2012,ЧОРНИЙ,ДИЗЕЛЬНЕ ПАЛИВО
13.01.2021,SKODA,OCTAVIA,2012,СІРИЙ,ДИЗЕЛЬНЕ ПАЛИВО
08.01.2021,SKODA,OCTAVIA A5,2012,СІРИЙ,БЕНЗИН
12.02.2021,SKODA,SUPERB,2012,СІРИЙ,ДИЗЕЛЬНЕ ПАЛИВО
05.01.2021,SKODA,OCTAVIA,2012,ЧОРНИЙ,ДИЗЕЛЬНЕ ПАЛИВО
05.02.2021,SKODA,OCTAVIA A5,2012,ЧОРНИЙ,БЕНЗИН
20.03.2021,SKODA,OCTAVIA A5,2012,ЧОРНИЙ,БЕНЗИН
23.02.2021,SKODA,OCTAVIA COMBI,2012,БІЛИЙ,ДИЗЕЛЬНЕ ПАЛИВО
30.01.2021,SKODA,OCTAVIA,2012,СІРИЙ,ДИЗЕЛЬНЕ ПАЛИВО
16.01.2021,SKODA,OCTAVIA A5,2012,СІРИЙ,БЕНЗИН
18.03.2021,SKODA,OCTAVIA,2012,СИНІЙ,ДИЗЕЛЬНЕ ПАЛИВО
13.03.2021,SKODA,OCTAVIA,2012,БІЛИЙ,ДИЗЕЛЬНЕ ПАЛИВО
16.03.2021,SKODA,OCTAVIA,2012,СІРИЙ,ДИЗЕЛЬНЕ ПАЛИВО
24.02.2021,SKODA,SUPERB,2012,БІЛИЙ,БЕНЗИН
10.03.2021,SKODA,ROOMSTER,2012,БІЛИЙ,ДИЗЕЛЬНЕ ПАЛИВО
05.03.2021,SKODA,OCTAVIA A5,2012,БІЛИЙ,ДИЗЕЛЬНЕ ПАЛИВО
20.03.2021,SKODA,OCTAVIA,2012,СІРИЙ,БЕНЗИН
26.01.2021,SKODA,OCTAVIA A5 COMBI,2012,БІЛИЙ,БЕНЗИН АБО ГАЗ
16.02.2021,SKODA,OCTAVIA,2012,БІЛИЙ,ДИЗЕЛЬНЕ ПАЛИВО
16.02.2021,SKODA,OCTAVIA,2012,БІЛИЙ,ДИЗЕЛЬНЕ ПАЛИВО
12.03.2021,SKODA,OCTAVIA A5,2012,СІРИЙ,БЕНЗИН АБО ГАЗ
23.02.2021,SKODA,FABIA,2012,БІЛИЙ,ДИЗЕЛЬНЕ ПАЛИВО
04.02.2021,SKODA,FABIA,2012,БІЛИЙ,ДИЗЕЛЬНЕ ПАЛИВО
24.02.2021,SKODA,OCTAVIA,2012,ЧОРНИЙ,ДИЗЕЛЬНЕ ПАЛИВО
06.03.2021,SKODA,ROOMSTER,2012,СІРИЙ,ДИЗЕЛЬНЕ ПАЛИВО
05.02.2021,SKODA,FABIA,2012,БЕЖЕВИЙ,БЕНЗИН АБО ГАЗ
02.03.2021,SKODA,FABIA,2012,ЧЕРВОНИЙ,ДИЗЕЛЬНЕ ПАЛИВО
19.02.2021,SKODA,OCTAVIA,2012,СІРИЙ,ДИЗЕЛЬНЕ ПАЛИВО
09.02.2021,SKODA,OCTAVIA,2012,ЧОРНИЙ,ДИЗЕЛЬНЕ ПАЛИВО
20.03.2021,SKODA,OCTAVIA,2012,СІРИЙ,ДИЗЕЛЬНЕ ПАЛИВО
06.03.2021,SKODA,OCTAVIA,2012,СІРИЙ,ДИЗЕЛЬНЕ ПАЛИВО
16.02.2021,SKODA,OCTAVIA,2012,ЧОРНИЙ,ДИЗЕЛЬНЕ ПАЛИВО
13.02.2021,SKODA,OCTAVIA A5,2012,БЕЖЕВИЙ,БЕНЗИН АБО ГАЗ
03.02.2021,SKODA,FABIA,2012,СИНІЙ,ДИЗЕЛЬНЕ ПАЛИВО
05.03.2021,SKODA,OCTAVIA,2012,СИНІЙ,ДИЗЕЛЬНЕ ПАЛИВО
05.03.2021,SKODA,OCTAVIA,2012,СИНІЙ,ДИЗЕЛЬНЕ ПАЛИВО
02.02.2021,SKODA,FABIA,2012,СИНІЙ,ДИЗЕЛЬНЕ ПАЛИВО
19.01.2021,SKODA,FABIA,2012,БІЛИЙ,БЕНЗИН
23.03.2021,SKODA,OCTAVIA A5,2012,ЧОРНИЙ,БЕНЗИН
19.03.2021,SKODA,OCTAVIA A5,2012,ЧОРНИЙ,БЕНЗИН
31.03.2021,SKODA,OCTAVIA A5,2012,СИНІЙ,БЕНЗИН
05.02.2021,SKODA,FABIA,2012,БІЛИЙ,БЕНЗИН
13.03.2021,SKODA,FABIA,2012,БІЛИЙ,БЕНЗИН
12.03.2021,SKODA,FABIA,2012,СІРИЙ,БЕНЗИН
12.03.2021,SKODA,FABIA,2012,СІРИЙ,БЕНЗИН
10.03.2021,SKODA,FABIA,2012,СИНІЙ,БЕНЗИН
31.03.2021,SKODA,OCTAVIA A5,2012,СІРИЙ,БЕНЗИН
23.02.2021,SKODA,OCTAVIA A5,2012,БЕЖЕВИЙ,БЕНЗИН
23.01.2021,SKODA,SUPERB,2012,ФІОЛЕТОВИЙ,БЕНЗИН
05.02.2021,SKODA,FABIA,2012,СІРИЙ,БЕНЗИН
12.02.2021,SKODA,OCTAVIA,2012,СИНІЙ,ДИЗЕЛЬНЕ ПАЛИВО
10.03.2021,SKODA,FABIA,2012,СИНІЙ,ДИЗЕЛЬНЕ ПАЛИВО
06.01.2021,SKODA,OCTAVIA,2012,СІРИЙ,ДИЗЕЛЬНЕ ПАЛИВО
03.02.2021,SKODA,OCTAVIA,2012,ЧОРНИЙ,БЕНЗИН
29.01.2021,SKODA,OCTAVIA A5,2012,БІЛИЙ,ДИЗЕЛЬНЕ ПАЛИВО
12.02.2021,SKODA,OCTAVIA A5,2012,БІЛИЙ,БЕНЗИН
02.02.2021,SKODA,OCTAVIA A5,2012,БІЛИЙ,БЕНЗИН
23.03.2021,SKODA,OCTAVIA A5,2012,БІЛИЙ,БЕНЗИН
17.02.2021,SKODA,OCTAVIA A5,2012,БЕЖЕВИЙ,БЕНЗИН АБО ГАЗ
12.03.2021,SKODA,OCTAVIA A5,2012,СІРИЙ,БЕНЗИН
05.02.2021,SKODA,FABIA,2012,БІЛИЙ,ДИЗЕЛЬНЕ ПАЛИВО
20.02.2021,SKODA,SUPERB,2012,СИНІЙ,ДИЗЕЛЬНЕ ПАЛИВО
24.03.2021,SKODA,OCTAVIA A5,2012,СИНІЙ,ДИЗЕЛЬНЕ ПАЛИВО
10.03.2021,SKODA,SUPERB,2012,ЧОРНИЙ,БЕНЗИН
04.03.2021,SKODA,FABIA,2012,СИНІЙ,БЕНЗИН
02.02.2021,SKODA,OCTAVIA A5,2012,СІРИЙ,ДИЗЕЛЬНЕ ПАЛИВО
22.01.2021,SKODA,SUPERB,2012,СИНІЙ,ДИЗЕЛЬНЕ ПАЛИВО
13.01.2021,SKODA,OCTAVIA,2012,ЧОРНИЙ,БЕНЗИН
22.01.2021,SKODA,FABIA,2012,БІЛИЙ,БЕНЗИН
02.02.2021,SKODA,OCTAVIA,2012,ЧОРНИЙ,ДИЗЕЛЬНЕ ПАЛИВО
03.03.2021,SKODA,OCTAVIA,2012,ЧОРНИЙ,ДИЗЕЛЬНЕ ПАЛИВО
23.03.2021,SKODA,OCTAVIA A5,2012,СІРИЙ,БЕНЗИН
14.01.2021,SKODA,OCTAVIA A5,2012,БІЛИЙ,БЕНЗИН
19.03.2021,SKODA,SUPERB,2012,СІРИЙ,ДИЗЕЛЬНЕ ПАЛИВО
06.03.2021,SKODA,OCTAVIA,2012,СІРИЙ,ДИЗЕЛЬНЕ ПАЛИВО
16.02.2021,SKODA,SUPERB,2012,БІЛИЙ,ДИЗЕЛЬНЕ ПАЛИВО
18.03.2021,SKODA,FABIA,2012,СИНІЙ,ДИЗЕЛЬНЕ ПАЛИВО
17.02.2021,SKODA,OCTAVIA,2012,СІРИЙ,ДИЗЕЛЬНЕ ПАЛИВО
30.03.2021,SKODA,FABIA,2012,СИНІЙ,БЕНЗИН
18.03.2021,SKODA,OCTAVIA A5,2012,ЧОРНИЙ,БЕНЗИН
23.02.2021,SKODA,OCTAVIA A5,2012,СІРИЙ,БЕНЗИН АБО ГАЗ
02.02.2021,SKODA,SUPERB,2012,СІРИЙ,ДИЗЕЛЬНЕ ПАЛИВО
27.03.2021,SKODA,OCTAVIA A5,2012,СІРИЙ,БЕНЗИН
23.02.2021,SKODA,FABIA,2012,БІЛИЙ,БЕНЗИН АБО ГАЗ
26.02.2021,SKODA,OCTAVIA,2012,СИНІЙ,ДИЗЕЛЬНЕ ПАЛИВО
19.02.2021,SKODA,SUPERB,2012,ЧЕРВОНИЙ,БЕНЗИН
04.02.2021,SKODA,FABIA,2012,БІЛИЙ,ДИЗЕЛЬНЕ ПАЛИВО
23.03.2021,SKODA,OCTAVIA,2012,СІРИЙ,БЕНЗИН
12.03.2021,SKODA,FABIA,2012,СИНІЙ,ДИЗЕЛЬНЕ ПАЛИВО
13.03.2021,SKODA,FABIA,2012,ЧЕРВОНИЙ,ДИЗЕЛЬНЕ ПАЛИВО
09.01.2021,SKODA,OCTAVIA,2012,ЧОРНИЙ,ДИЗЕЛЬНЕ ПАЛИВО
15.01.2021,SKODA,FABIA,2012,СІРИЙ,ДИЗЕЛЬНЕ ПАЛИВО
27.01.2021,SKODA,OCTAVIA,2012,ЧОРНИЙ,ДИЗЕЛЬНЕ ПАЛИВО
10.02.2021,SKODA,FABIA,2012,БІЛИЙ,ДИЗЕЛЬНЕ ПАЛИВО
12.02.2021,SKODA,OCTAVIA A5,2012,БЕЖЕВИЙ,БЕНЗИН
30.03.2021,SKODA,OCTAVIA A5,2012,БЕЖЕВИЙ,БЕНЗИН
23.02.2021,SKODA,SUPERB,2012,ЧОРНИЙ,ДИЗЕЛЬНЕ ПАЛИВО
22.01.2021,SKODA,OCTAVIA,2012,ЧОРНИЙ,ДИЗЕЛЬНЕ ПАЛИВО
09.01.2021,SKODA,SUPERB,2012,ЧОРНИЙ,ДИЗЕЛЬНЕ ПАЛИВО
06.03.2021,SKODA,OCTAVIA,2012,БІЛИЙ,ДИЗЕЛЬНЕ ПАЛИВО
11.02.2021,SKODA,YETI,2012,БІЛИЙ,БЕНЗИН
03.03.2021,SKODA,SUPERB,2012,ЧОРНИЙ,ДИЗЕЛЬНЕ ПАЛИВО
24.03.2021,SKODA,OCTAVIA A5,2012,БЕЖЕВИЙ,БЕНЗИН
03.03.2021,SKODA,FABIA,2012,СІРИЙ,БЕНЗИН
02.03.2021,SKODA,OCTAVIA,2012,БІЛИЙ,БЕНЗИН
15.01.2021,SKODA,FABIA,2012,БІЛИЙ,БЕНЗИН
10.02.2021,SKODA,OCTAVIA A5,2012,СІРИЙ,БЕНЗИН
20.03.2021,SKODA,OCTAVIA A5,2012,СІРИЙ,БЕНЗИН
16.01.2021,SKODA,OCTAVIA A5,2012,ЧОРНИЙ,БЕНЗИН
20.03.2021,SKODA,OCTAVIA A5,2012,ЧОРНИЙ,БЕНЗИН
04.01.2021,SKODA,OCTAVIA A5,2012,СІРИЙ,БЕНЗИН АБО ГАЗ
23.02.2021,SKODA,ROOMSTER,2012,СИНІЙ,БЕНЗИН АБО ГАЗ
17.02.2021,SKODA,FABIA,2012,ЧОРНИЙ,БЕНЗИН
23.03.2021,SKODA,OCTAVIA A5,2012,СІРИЙ,ДИЗЕЛЬНЕ ПАЛИВО
10.02.2021,SKODA,OCTAVIA,2012,БІЛИЙ,ДИЗЕЛЬНЕ ПАЛИВО
02.02.2021,SKODA,FABIA,2012,БІЛИЙ,ДИЗЕЛЬНЕ ПАЛИВО
04.03.2021,SKODA,FABIA,2012,СІРИЙ,БЕНЗИН АБО ГАЗ
06.02.2021,SKODA,OCTAVIA A5,2012,СІРИЙ,БЕНЗИН
14.02.2021,SKODA,ROOMSTER,2012,СИНІЙ,БЕНЗИН
06.02.2021,SKODA,ROOMSTER,2012,БІЛИЙ,ДИЗЕЛЬНЕ ПАЛИВО
25.02.2021,SKODA,OCTAVIA,2012,БІЛИЙ,ДИЗЕЛЬНЕ ПАЛИВО
26.01.2021,SKODA,OCTAVIA,2012,ЧОРНИЙ,ДИЗЕЛЬНЕ ПАЛИВО
05.01.2021,SKODA,OCTAVIA,2012,БІЛИЙ,ДИЗЕЛЬНЕ ПАЛИВО
18.02.2021,SKODA,SUPERB,2012,БІЛИЙ,БЕНЗИН
20.02.2021,SKODA,ROOMSTER,2012,СИНІЙ,ДИЗЕЛЬНЕ ПАЛИВО
26.02.2021,SKODA,OCTAVIA,2012,БІЛИЙ,ДИЗЕЛЬНЕ ПАЛИВО
03.03.2021,SKODA,SUPERB,2012,СІРИЙ,ДИЗЕЛЬНЕ ПАЛИВО
11.02.2021,SKODA,FABIA,2012,СІРИЙ,ДИЗЕЛЬНЕ ПАЛИВО
18.02.2021,SKODA,OCTAVIA TOUR,2012,СІРИЙ,БЕНЗИН
05.01.2021,SKODA,OCTAVIA,2012,ЧОРНИЙ,ДИЗЕЛЬНЕ ПАЛИВО
05.01.2021,SKODA,OCTAVIA,2012,ЧОРНИЙ,ДИЗЕЛЬНЕ ПАЛИВО
26.01.2021,SKODA,OCTAVIA,2012,СІРИЙ,ДИЗЕЛЬНЕ ПАЛИВО
17.02.2021,SKODA,OCTAVIA,2012,БІЛИЙ,БЕНЗИН АБО ГАЗ
28.01.2021,SKODA,OCTAVIA,2012,СІРИЙ,ДИЗЕЛЬНЕ ПАЛИВО
16.03.2021,SKODA,FABIA,2012,СІРИЙ,БЕНЗИН
16.03.2021,SKODA,FABIA,2012,СІРИЙ,БЕНЗИН
06.02.2021,SKODA,ROOMSTER,2012,СІРИЙ,БЕНЗИН АБО ГАЗ
05.03.2021,SKODA,OCTAVIA,2012,ЧОРНИЙ,ДИЗЕЛЬНЕ ПАЛИВО
27.03.2021,SKODA,SUPERB,2012,ЗЕЛЕНИЙ,ДИЗЕЛЬНЕ ПАЛИВО
26.01.2021,SKODA,OCTAVIA,2012,ЧОРНИЙ,ДИЗЕЛЬНЕ ПАЛИВО
05.03.2021,SKODA,FABIA,2012,СІРИЙ,ДИЗЕЛЬНЕ ПАЛИВО
09.01.2021,SKODA,OCTAVIA,2012,СІРИЙ,ДИЗЕЛЬНЕ ПАЛИВО
31.03.2021,SKODA,OCTAVIA,2012,ЧОРНИЙ,БЕНЗИН
23.01.2021,SKODA,SUPERB,2012,КОРИЧНЕВИЙ,ДИЗЕЛЬНЕ ПАЛИВО
26.01.2021,SKODA,OCTAVIA,2012,СІРИЙ,ДИЗЕЛЬНЕ ПАЛИВО
11.02.2021,SKODA,FABIA,2012,БІЛИЙ,БЕНЗИН
25.02.2021,SKODA,OCTAVIA,2012,БІЛИЙ,ДИЗЕЛЬНЕ ПАЛИВО
28.01.2021,SKODA,OCTAVIA A5,2012,БЕЖЕВИЙ,БЕНЗИН
25.02.2021,SKODA,OCTAVIA COMBI,2012,СІРИЙ,ДИЗЕЛЬНЕ ПАЛИВО
16.03.2021,SKODA,OCTAVIA A5 COMBI,2012,ЧОРНИЙ,ДИЗЕЛЬНЕ ПАЛИВО
04.01.2021,SKODA,FABIA,2012,БІЛИЙ,БЕНЗИН АБО ГАЗ
27.02.2021,SKODA,OCTAVIA,2012,БІЛИЙ,ДИЗЕЛЬНЕ ПАЛИВО
23.03.2021,SKODA,FABIA,2012,БІЛИЙ,БЕНЗИН АБО ГАЗ
12.01.2021,SKODA,FABIA,2012,СИНІЙ,ДИЗЕЛЬНЕ ПАЛИВО
09.01.2021,SKODA,SUPERB,2012,СІРИЙ,ДИЗЕЛЬНЕ ПАЛИВО
21.02.2021,SKODA,SUPERB,2012,БІЛИЙ,ДИЗЕЛЬНЕ ПАЛИВО
27.03.2021,SKODA,FABIA,2012,БІЛИЙ,ДИЗЕЛЬНЕ ПАЛИВО
12.01.2021,SKODA,OCTAVIA,2012,БІЛИЙ,ДИЗЕЛЬНЕ ПАЛИВО
27.03.2021,SKODA,FABIA,2012,БІЛИЙ,БЕНЗИН
05.03.2021,SKODA,FABIA,2012,БІЛИЙ,БЕНЗИН
12.01.2021,SKODA,OCTAVIA,2012,ЧОРНИЙ,ДИЗЕЛЬНЕ ПАЛИВО
23.01.2021,SKODA,OCTAVIA A5,2012,СІРИЙ,БЕНЗИН АБО ГАЗ
11.03.2021,SKODA,OCTAVIA A5,2012,СІРИЙ,БЕНЗИН АБО ГАЗ
06.01.2021,SKODA,OCTAVIA,2012,СИНІЙ,ДИЗЕЛЬНЕ ПАЛИВО
04.01.2021,SKODA,OCTAVIA,2012,СИНІЙ,ДИЗЕЛЬНЕ ПАЛИВО
30.01.2021,SKODA,OCTAVIA,2012,СІРИЙ,ДИЗЕЛЬНЕ ПАЛИВО
26.01.2021,SKODA,OCTAVIA A5,2012,СІРИЙ,БЕНЗИН
05.01.2021,SKODA,OCTAVIA,2012,БІЛИЙ,ДИЗЕЛЬНЕ ПАЛИВО
09.02.2021,SKODA,FABIA,2012,СИНІЙ,ДИЗЕЛЬНЕ ПАЛИВО
20.02.2021,SKODA,OCTAVIA A5,2012,ЧОРНИЙ,ДИЗЕЛЬНЕ ПАЛИВО
18.03.2021,SKODA,FABIA,2012,БІЛИЙ,ДИЗЕЛЬНЕ ПАЛИВО
16.03.2021,SKODA,YETI,2012,СІРИЙ,ДИЗЕЛЬНЕ ПАЛИВО
05.03.2021,SKODA,OCTAVIA,2012,БІЛИЙ,ДИЗЕЛЬНЕ ПАЛИВО
24.03.2021,SKODA,OCTAVIA,2012,БІЛИЙ,ДИЗЕЛЬНЕ ПАЛИВО
05.01.2021,SKODA,OCTAVIA A5 COMBI,2012,СІРИЙ,БЕНЗИН
23.01.2021,SKODA,FABIA,2012,БІЛИЙ,БЕНЗИН АБО ГАЗ
20.03.2021,SKODA,OCTAVIA,2012,СІРИЙ,ДИЗЕЛЬНЕ ПАЛИВО
18.03.2021,SKODA,OCTAVIA,2012,СІРИЙ,ДИЗЕЛЬНЕ ПАЛИВО
12.02.2021,SKODA,FABIA,2012,БІЛИЙ,БЕНЗИН
10.02.2021,SKODA,FABIA,2012,СІРИЙ,БЕНЗИН
03.02.2021,SKODA,FABIA,2012,БІЛИЙ,ДИЗЕЛЬНЕ ПАЛИВО
16.03.2021,SKODA,OCTAVIA A5,2012,СІРИЙ,ДИЗЕЛЬНЕ ПАЛИВО
16.01.2021,SKODA,OCTAVIA,2012,СІРИЙ,ДИЗЕЛЬНЕ ПАЛИВО
10.02.2021,SKODA,OCTAVIA,2012,СІРИЙ,ДИЗЕЛЬНЕ ПАЛИВО
04.02.2021,SKODA,FABIA,2012,СІРИЙ,ДИЗЕЛЬНЕ ПАЛИВО
11.02.2021,SKODA,FABIA,2012,СІРИЙ,БЕНЗИН
29.01.2021,SKODA,FABIA,2012,СІРИЙ,БЕНЗИН
27.03.2021,SKODA,FABIA,2012,СІРИЙ,ДИЗЕЛЬНЕ ПАЛИВО
26.01.2021,SKODA,SUPERB,2012,ЧОРНИЙ,ДИЗЕЛЬНЕ ПАЛИВО
13.02.2021,SKODA,OCTAVIA A5,2012,БЕЖЕВИЙ,БЕНЗИН
04.02.2021,SKODA,SUPERB,2012,БІЛИЙ,ДИЗЕЛЬНЕ ПАЛИВО
13.01.2021,SKODA,OCTAVIA,2012,БІЛИЙ,ДИЗЕЛЬНЕ ПАЛИВО
27.02.2021,SKODA,FABIA,2012,БІЛИЙ,БЕНЗИН
29.01.2021,SKODA,FABIA,2012,ЗЕЛЕНИЙ,БЕНЗИН
11.03.2021,SKODA,FABIA,2012,БЕЖЕВИЙ,БЕНЗИН АБО ГАЗ
21.01.2021,SKODA,OCTAVIA,2012,БІЛИЙ,ДИЗЕЛЬНЕ ПАЛИВО
11.02.2021,SKODA,OCTAVIA,2012,СІРИЙ,ДИЗЕЛЬНЕ ПАЛИВО
29.01.2021,SKODA,OCTAVIA,2012,СІРИЙ,ДИЗЕЛЬНЕ ПАЛИВО
13.03.2021,SKODA,SUPERB,2012,СІРИЙ,ДИЗЕЛЬНЕ ПАЛИВО
27.01.2021,SKODA,SUPERB,2012,БІЛИЙ,ДИЗЕЛЬНЕ ПАЛИВО
27.02.2021,SKODA,OCTAVIA,2012,СІРИЙ,ДИЗЕЛЬНЕ ПАЛИВО
05.01.2021,SKODA,FABIA,2012,ЧОРНИЙ,ДИЗЕЛЬНЕ ПАЛИВО
13.02.2021,SKODA,FABIA,2012,СІРИЙ,ДИЗЕЛЬНЕ ПАЛИВО
12.03.2021,SKODA,OCTAVIA,2012,СІРИЙ,ДИЗЕЛЬНЕ ПАЛИВО
04.02.2021,SKODA,FABIA,2012,БІЛИЙ,БЕНЗИН
13.03.2021,SKODA,FABIA,2012,БІЛИЙ,БЕНЗИН
09.02.2021,SKODA,OCTAVIA,2012,БІЛИЙ,ДИЗЕЛЬНЕ ПАЛИВО
17.03.2021,SKODA,FABIA,2012,СІРИЙ,ДИЗЕЛЬНЕ ПАЛИВО
30.01.2021,SKODA,YETI,2012,КОРИЧНЕВИЙ,БЕНЗИН
26.01.2021,SKODA,FABIA,2012,БІЛИЙ,БЕНЗИН АБО ГАЗ
24.02.2021,SKODA,FABIA,2012,ЧОРНИЙ,БЕНЗИН АБО ГАЗ
03.03.2021,SKODA,OCTAVIA,2012,СІРИЙ,ДИЗЕЛЬНЕ ПАЛИВО
31.03.2021,SKODA,OCTAVIA,2012,ЧОРНИЙ,ДИЗЕЛЬНЕ ПАЛИВО
13.03.2021,SKODA,OCTAVIA,2012,БІЛИЙ,ДИЗЕЛЬНЕ ПАЛИВО
26.02.2021,SKODA,OCTAVIA,2012,ЧОРНИЙ,ДИЗЕЛЬНЕ ПАЛИВО
11.03.2021,SKODA,OCTAVIA,2012,СІРИЙ,ДИЗЕЛЬНЕ ПАЛИВО
30.01.2021,SKODA,FABIA,2012,СІРИЙ,БЕНЗИН АБО ГАЗ
30.01.2021,SKODA,FABIA,2012,СІРИЙ,БЕНЗИН АБО ГАЗ
06.03.2021,SKODA,OCTAVIA,2012,БІЛИЙ,ДИЗЕЛЬНЕ ПАЛИВО
03.02.2021,SKODA,FABIA,2012,СІРИЙ,ДИЗЕЛЬНЕ ПАЛИВО
04.03.2021,SKODA,OCTAVIA,2012,БІЛИЙ,ДИЗЕЛЬНЕ ПАЛИВО
26.02.2021,SKODA,SUPERB,2012,ЧОРНИЙ,ДИЗЕЛЬНЕ ПАЛИВО
03.02.2021,SKODA,FABIA,2012,СИНІЙ,БЕНЗИН
21.01.2021,SKODA,OCTAVIA,2012,ЧОРНИЙ,ДИЗЕЛЬНЕ ПАЛИВО
13.02.2021,SKODA,OCTAVIA,2012,ЧОРНИЙ,ДИЗЕЛЬНЕ ПАЛИВО
03.03.2021,SKODA,FABIA,2012,СІРИЙ,ДИЗЕЛЬНЕ ПАЛИВО
10.03.2021,SKODA,FABIA,2012,СИНІЙ,ДИЗЕЛЬНЕ ПАЛИВО
12.02.2021,SKODA,FABIA,2012,БЕЖЕВИЙ,БЕНЗИН АБО ГАЗ
30.01.2021,SKODA,OCTAVIA,2012,БІЛИЙ,ДИЗЕЛЬНЕ ПАЛИВО
22.01.2021,SKODA,FABIA,2012,БІЛИЙ,ДИЗЕЛЬНЕ ПАЛИВО
09.02.2021,SKODA,OCTAVIA A5,2012,СІРИЙ,ДИЗЕЛЬНЕ ПАЛИВО
16.03.2021,SKODA,OCTAVIA,2012,СІРИЙ,ДИЗЕЛЬНЕ ПАЛИВО
05.02.2021,SKODA,OCTAVIA,2012,ЧОРНИЙ,ДИЗЕЛЬНЕ ПАЛИВО
06.02.2021,SKODA,FABIA,2012,СІРИЙ,ДИЗЕЛЬНЕ ПАЛИВО
03.03.2021,SKODA,FABIA,2012,СІРИЙ,ДИЗЕЛЬНЕ ПАЛИВО
26.03.2021,SKODA,FABIA,2012,ЧОРНИЙ,ДИЗЕЛЬНЕ ПАЛИВО
18.02.2021,SKODA,OCTAVIA,2012,ЧОРНИЙ,ДИЗЕЛЬНЕ ПАЛИВО
16.02.2021,SKODA,OCTAVIA A5,2012,СІРИЙ,БЕНЗИН
05.03.2021,SKODA,OCTAVIA A5,2012,ЧОРНИЙ,БЕНЗИН
24.03.2021,SKODA,FABIA,2012,БІЛИЙ,БЕНЗИН
09.02.2021,SKODA,OCTAVIA,2012,СІРИЙ,ДИЗЕЛЬНЕ ПАЛИВО
27.01.2021,SKODA,OCTAVIA,2012,СИНІЙ,ДИЗЕЛЬНЕ ПАЛИВО
19.02.2021,SKODA,ROOMSTER,2012,СИНІЙ,БЕНЗИН АБО ГАЗ
17.03.2021,SKODA,OCTAVIA,2012,СІРИЙ,ДИЗЕЛЬНЕ ПАЛИВО
17.03.2021,SKODA,OCTAVIA,2012,СІРИЙ,ДИЗЕЛЬНЕ ПАЛИВО
16.03.2021,SKODA,OCTAVIA,2012,БІЛИЙ,ДИЗЕЛЬНЕ ПАЛИВО
06.02.2021,SKODA,OCTAVIA,2012,ЧОРНИЙ,ДИЗЕЛЬНЕ ПАЛИВО
19.03.2021,SKODA,OCTAVIA,2012,ЧОРНИЙ,ДИЗЕЛЬНЕ ПАЛИВО
24.03.2021,SKODA,OCTAVIA A5,2012,СІРИЙ,БЕНЗИН
23.03.2021,SKODA,OCTAVIA A5,2012,БЕЖЕВИЙ,БЕНЗИН
09.02.2021,SKODA,OCTAVIA,2012,СІРИЙ,ДИЗЕЛЬНЕ ПАЛИВО
06.01.2021,SKODA,SUPERB,2012,БЕЖЕВИЙ,БЕНЗИН
29.01.2021,SKODA,FABIA,2012,БІЛИЙ,ДИЗЕЛЬНЕ ПАЛИВО
08.01.2021,SKODA,OCTAVIA,2012,СІРИЙ,ДИЗЕЛЬНЕ ПАЛИВО
31.03.2021,SKODA,OCTAVIA COMBI,2012,БІЛИЙ,ДИЗЕЛЬНЕ ПАЛИВО
16.01.2021,SKODA,OCTAVIA A5,2012,БІЛИЙ,БЕНЗИН АБО ГАЗ
27.03.2021,SKODA,OCTAVIA A5,2012,СІРИЙ,ДИЗЕЛЬНЕ ПАЛИВО
09.01.2021,SKODA,SUPERB,2012,БІЛИЙ,БЕНЗИН
27.01.2021,SKODA,SUPERB,2012,ЧОРНИЙ,БЕНЗИН
27.02.2021,SKODA,FABIA,2012,СИНІЙ,ДИЗЕЛЬНЕ ПАЛИВО
27.02.2021,SKODA,FABIA,2012,СИНІЙ,БЕНЗИН АБО ГАЗ
17.03.2021,SKODA,FABIA,2012,СИНІЙ,БЕНЗИН АБО ГАЗ
19.03.2021,SKODA,OCTAVIA,2012,БІЛИЙ,БЕНЗИН АБО ГАЗ
04.03.2021,SKODA,FABIA,2012,ЧЕРВОНИЙ,БЕНЗИН АБО ГАЗ
04.03.2021,SKODA,OCTAVIA,2012,СІРИЙ,ДИЗЕЛЬНЕ ПАЛИВО
12.01.2021,SKODA,FABIA,2012,СІРИЙ,БЕНЗИН АБО ГАЗ
02.02.2021,SKODA,FABIA,2012,СІРИЙ,ДИЗЕЛЬНЕ ПАЛИВО
19.02.2021,SKODA,SUPERB,2012,ЧОРНИЙ,ДИЗЕЛЬНЕ ПАЛИВО
04.03.2021,SKODA,OCTAVIA,2012,СІРИЙ,ДИЗЕЛЬНЕ ПАЛИВО
24.03.2021,SKODA,OCTAVIA,2012,СІРИЙ,БЕНЗИН АБО ГАЗ
22.01.2021,SKODA,OCTAVIA,2012,ЧОРНИЙ,ДИЗЕЛЬНЕ ПАЛИВО
09.02.2021,SKODA,OCTAVIA,2012,СИНІЙ,ДИЗЕЛЬНЕ ПАЛИВО
30.03.2021,SKODA,OCTAVIA,2012,СІРИЙ,БЕНЗИН АБО ГАЗ
09.02.2021,SKODA,OCTAVIA,2012,СІРИЙ,БЕНЗИН АБО ГАЗ
26.02.2021,SKODA,OCTAVIA,2012,ЧОРНИЙ,ДИЗЕЛЬНЕ ПАЛИВО
16.02.2021,SKODA,FABIA,2012,БІЛИЙ,БЕНЗИН АБО ГАЗ
20.01.2021,SKODA,SUPERB,2012,СИНІЙ,ДИЗЕЛЬНЕ ПАЛИВО
05.01.2021,SKODA,FABIA,2012,СИНІЙ,БЕНЗИН
23.01.2021,SKODA,OCTAVIA COMBI,2012,СІРИЙ,ДИЗЕЛЬНЕ ПАЛИВО
25.03.2021,SKODA,OCTAVIA A5 COMBI,2012,ЧОРНИЙ,ДИЗЕЛЬНЕ ПАЛИВО
13.01.2021,SKODA,OCTAVIA,2012,БІЛИЙ,ДИЗЕЛЬНЕ ПАЛИВО
26.03.2021,SKODA,SUPERB,2012,СІРИЙ,ДИЗЕЛЬНЕ ПАЛИВО
27.01.2021,SKODA,OCTAVIA,2012,СІРИЙ,ДИЗЕЛЬНЕ ПАЛИВО
27.01.2021,SKODA,SUPERB,2012,ЧОРНИЙ,ДИЗЕЛЬНЕ ПАЛИВО
06.02.2021,SKODA,FABIA,2012,БІЛИЙ,БЕНЗИН АБО ГАЗ
06.02.2021,SKODA,FABIA,2012,БІЛИЙ,БЕНЗИН
03.03.2021,SKODA,FABIA,2012,БІЛИЙ,БЕНЗИН АБО ГАЗ
21.01.2021,SKODA,OCTAVIA,2012,ЧОРНИЙ,ДИЗЕЛЬНЕ ПАЛИВО
24.03.2021,SKODA,OCTAVIA,2012,ЧОРНИЙ,ДИЗЕЛЬНЕ ПАЛИВО
04.02.2021,SKODA,FABIA,2012,СІРИЙ,ДИЗЕЛЬНЕ ПАЛИВО
25.02.2021,SKODA,FABIA,2012,СІРИЙ,БЕНЗИН АБО ГАЗ
25.03.2021,SKODA,OCTAVIA,2012,ЧОРНИЙ,ДИЗЕЛЬНЕ ПАЛИВО
28.01.2021,SKODA,YETI,2012,СІРИЙ,БЕНЗИН
23.01.2021,SKODA,FABIA,2012,БІЛИЙ,БЕНЗИН
16.03.2021,SKODA,OCTAVIA,2012,БІЛИЙ,ДИЗЕЛЬНЕ ПАЛИВО
17.03.2021,SKODA,FABIA,2012,СІРИЙ,БЕНЗИН
12.03.2021,SKODA,OCTAVIA,2012,ЧОРНИЙ,ДИЗЕЛЬНЕ ПАЛИВО
26.02.2021,SKODA,OCTAVIA,2012,СІРИЙ,ДИЗЕЛЬНЕ ПАЛИВО
06.03.2021,SKODA,FABIA,2012,СІРИЙ,ДИЗЕЛЬНЕ ПАЛИВО
20.03.2021,SKODA,FABIA,2012,СИНІЙ,ДИЗЕЛЬНЕ ПАЛИВО
04.02.2021,SKODA,OCTAVIA,2012,БІЛИЙ,ДИЗЕЛЬНЕ ПАЛИВО
17.03.2021,SKODA,OCTAVIA,2012,БІЛИЙ,ДИЗЕЛЬНЕ ПАЛИВО
23.03.2021,SKODA,OCTAVIA,2012,БІЛИЙ,ДИЗЕЛЬНЕ ПАЛИВО
06.01.2021,SKODA,OCTAVIA,2012,СИНІЙ,ДИЗЕЛЬНЕ ПАЛИВО
11.03.2021,SKODA,OCTAVIA,2012,СІРИЙ,ДИЗЕЛЬНЕ ПАЛИВО
16.01.2021,SKODA,FABIA,2012,БІЛИЙ,БЕНЗИН АБО ГАЗ
13.02.2021,SKODA,FABIA,2012,ЗЕЛЕНИЙ,БЕНЗИН АБО ГАЗ
23.03.2021,SKODA,OCTAVIA,2012,СІРИЙ,ДИЗЕЛЬНЕ ПАЛИВО
09.01.2021,SKODA,FABIA,2012,БІЛИЙ,ДИЗЕЛЬНЕ ПАЛИВО
29.01.2021,SKODA,FABIA,2012,ЧЕРВОНИЙ,БЕНЗИН АБО ГАЗ
06.01.2021,SKODA,OCTAVIA,2012,БІЛИЙ,ДИЗЕЛЬНЕ ПАЛИВО
27.02.2021,SKODA,OCTAVIA,2012,ЧОРНИЙ,БЕНЗИН
27.02.2021,SKODA,OCTAVIA,2012,ЧОРНИЙ,БЕНЗИН
30.03.2021,SKODA,FABIA,2012,СИНІЙ,ДИЗЕЛЬНЕ ПАЛИВО
03.02.2021,SKODA,OCTAVIA,2012,СІРИЙ,ДИЗЕЛЬНЕ ПАЛИВО
10.02.2021,SKODA,SUPERB,2012,ЧОРНИЙ,ДИЗЕЛЬНЕ ПАЛИВО
18.03.2021,SKODA,OCTAVIA,2012,БІЛИЙ,ДИЗЕЛЬНЕ ПАЛИВО
27.03.2021,SKODA,FABIA,2012,БІЛИЙ,ДИЗЕЛЬНЕ ПАЛИВО
14.01.2021,SKODA,OCTAVIA,2012,СІРИЙ,ДИЗЕЛЬНЕ ПАЛИВО
23.02.2021,SKODA,FABIA,2012,СИНІЙ,БЕНЗИН АБО ГАЗ
30.03.2021,SKODA,OCTAVIA,2012,СІРИЙ,БЕНЗИН
05.02.2021,SKODA,FABIA,2012,БЕЖЕВИЙ,БЕНЗИН
19.01.2021,SKODA,OCTAVIA A5,2012,СІРИЙ,БЕНЗИН
14.01.2021,SKODA,OCTAVIA A5,2012,СІРИЙ,БЕНЗИН
23.03.2021,SKODA,FABIA,2012,СІРИЙ,БЕНЗИН
11.02.2021,SKODA,FABIA,2012,СІРИЙ,БЕНЗИН
06.01.2021,SKODA,YETI,2012,КОРИЧНЕВИЙ,ДИЗЕЛЬНЕ ПАЛИВО
19.03.2021,SKODA,SUPERB,2012,ЧОРНИЙ,БЕНЗИН
20.02.2021,SKODA,YETI,2012,БЕЖЕВИЙ,БЕНЗИН
04.01.2021,SKODA,OCTAVIA A5,2012,БЕЖЕВИЙ,ДИЗЕЛЬНЕ ПАЛИВО
25.03.2021,SKODA,OCTAVIA A5,2012,БЕЖЕВИЙ,БЕНЗИН
02.02.2021,SKODA,OCTAVIA A5,2012,ЧОРНИЙ,ДИЗЕЛЬНЕ ПАЛИВО
12.02.2021,SKODA,SUPERB,2012,КОРИЧНЕВИЙ,БЕНЗИН
27.01.2021,SKODA,FABIA,2012,СИНІЙ,БЕНЗИН
23.01.2021,SKODA,OCTAVIA A5,2012,ЧОРНИЙ,БЕНЗИН
27.02.2021,SKODA,FABIA,2012,БЕЖЕВИЙ,БЕНЗИН АБО ГАЗ
06.01.2021,SKODA,OCTAVIA A5,2012,БЕЖЕВИЙ,ДИЗЕЛЬНЕ ПАЛИВО
05.03.2021,SKODA,YETI,2012,БІЛИЙ,БЕНЗИН
27.01.2021,SKODA,FABIA,2012,БЕЖЕВИЙ,БЕНЗИН
28.01.2021,SKODA,OCTAVIA,2012,СІРИЙ,БЕНЗИН
03.02.2021,SKODA,FABIA,2012,СІРИЙ,БЕНЗИН
05.01.2021,SKODA,OCTAVIA A5,2012,ЧОРНИЙ,БЕНЗИН
05.01.2021,SKODA,OCTAVIA A5,2012,ЧОРНИЙ,БЕНЗИН
20.01.2021,SKODA,YETI,2012,БЕЖЕВИЙ,БЕНЗИН
11.03.2021,SKODA,OCTAVIA A5,2012,ЧОРНИЙ,ДИЗЕЛЬНЕ ПАЛИВО
08.01.2021,SKODA,OCTAVIA,2012,СІРИЙ,БЕНЗИН
19.03.2021,SKODA,OCTAVIA,2012,СІРИЙ,БЕНЗИН
27.01.2021,SKODA,OCTAVIA A5,2012,СІРИЙ,БЕНЗИН
12.02.2021,SKODA,OCTAVIA A5,2012,ЧОРНИЙ,БЕНЗИН
12.01.2021,SKODA,OCTAVIA A5,2012,СІРИЙ,БЕНЗИН
27.02.2021,SKODA,OCTAVIA A5,2012,СІРИЙ,БЕНЗИН АБО ГАЗ
26.01.2021,SKODA,OCTAVIA,2012,ЧОРНИЙ,БЕНЗИН
26.01.2021,SKODA,OCTAVIA,2012,ЧОРНИЙ,БЕНЗИН
06.01.2021,SKODA,OCTAVIA A5,2012,СІРИЙ,БЕНЗИН
14.01.2021,SKODA,OCTAVIA A5,2012,СІРИЙ,БЕНЗИН
11.02.2021,SKODA,FABIA,2012,БЕЖЕВИЙ,БЕНЗИН
16.03.2021,SKODA,FABIA,2012,СІРИЙ,БЕНЗИН
25.03.2021,SKODA,FABIA,2012,СІРИЙ,БЕНЗИН
27.01.2021,SKODA,OCTAVIA A5,2012,СИНІЙ,БЕНЗИН
02.03.2021,SKODA,FABIA,2012,СІРИЙ,БЕНЗИН
03.03.2021,SKODA,FABIA,2012,СІРИЙ,БЕНЗИН
21.01.2021,SKODA,OCTAVIA A5,2012,СІРИЙ,БЕНЗИН
03.01.2021,SKODA,OCTAVIA A5,2012,БІЛИЙ,ДИЗЕЛЬНЕ ПАЛИВО
31.03.2021,SKODA,FABIA,2012,БЕЖЕВИЙ,БЕНЗИН
16.02.2021,SKODA,OCTAVIA A5,2012,БІЛИЙ,БЕНЗИН
25.02.2021,SKODA,OCTAVIA A5,2012,БІЛИЙ,ДИЗЕЛЬНЕ ПАЛИВО
19.01.2021,SKODA,OCTAVIA A5,2012,БІЛИЙ,БЕНЗИН
17.02.2021,SKODA,SUPERB,2012,СІРИЙ,БЕНЗИН
20.02.2021,SKODA,OCTAVIA,2012,БЕЖЕВИЙ,БЕНЗИН
02.02.2021,SKODA,OCTAVIA A5,2012,ЧОРНИЙ,БЕНЗИН
10.02.2021,SKODA,OCTAVIA A5,2012,ЧОРНИЙ,БЕНЗИН
12.02.2021,SKODA,OCTAVIA A5,2012,БЕЖЕВИЙ,БЕНЗИН
02.03.2021,SKODA,OCTAVIA A5,2012,БІЛИЙ,БЕНЗИН
19.02.2021,SKODA,OCTAVIA A5,2012,ЧОРНИЙ,БЕНЗИН
18.02.2021,SKODA,OCTAVIA A5,2012,ЧОРНИЙ,БЕНЗИН
23.01.2021,SKODA,SUPERB,2012,КОРИЧНЕВИЙ,БЕНЗИН
06.01.2021,SKODA,SUPERB,2012,КОРИЧНЕВИЙ,БЕНЗИН
17.02.2021,SKODA,OCTAVIA A5,2012,ЧОРНИЙ,БЕНЗИН
23.01.2021,SKODA,OCTAVIA A5,2012,СІРИЙ,БЕНЗИН
11.02.2021,SKODA,OCTAVIA A5,2012,ЧЕРВОНИЙ,БЕНЗИН
10.03.2021,SKODA,OCTAVIA A5,2012,ЧОРНИЙ,БЕНЗИН
16.02.2021,SKODA,OCTAVIA,2012,ЧОРНИЙ,БЕНЗИН
06.03.2021,SKODA,OCTAVIA A5,2012,БЕЖЕВИЙ,БЕНЗИН
20.02.2021,SKODA,ROOMSTER,2012,СИНІЙ,БЕНЗИН
13.03.2021,SKODA,FABIA,2012,СІРИЙ,БЕНЗИН
24.03.2021,SKODA,OCTAVIA A5,2012,СІРИЙ,ДИЗЕЛЬНЕ ПАЛИВО
03.03.2021,SKODA,SUPERB,2012,СІРИЙ,БЕНЗИН
16.03.2021,SKODA,YETI,2012,СІРИЙ,БЕНЗИН
16.03.2021,SKODA,YETI,2012,СІРИЙ,БЕНЗИН
24.02.2021,SKODA,OCTAVIA A5,2012,СІРИЙ,БЕНЗИН
27.01.2021,SKODA,OCTAVIA,2012,СІРИЙ,БЕНЗИН
24.02.2021,SKODA,OCTAVIA,2012,СІРИЙ,ДИЗЕЛЬНЕ ПАЛИВО
03.03.2021,SKODA,OCTAVIA A5,2012,ЗЕЛЕНИЙ,БЕНЗИН
18.03.2021,SKODA,OCTAVIA A5,2012,БЕЖЕВИЙ,ДИЗЕЛЬНЕ ПАЛИВО
26.03.2021,SKODA,FABIA,2012,БІЛИЙ,ДИЗЕЛЬНЕ ПАЛИВО
09.01.2021,SKODA,FABIA,2012,СІРИЙ,БЕНЗИН
06.02.2021,SKODA,OCTAVIA A5,2012,СІРИЙ,БЕНЗИН
22.01.2021,SKODA,OCTAVIA A5,2012,СІРИЙ,БЕНЗИН
26.02.2021,SKODA,OCTAVIA A5,2012,СІРИЙ,БЕНЗИН
09.02.2021,SKODA,OCTAVIA,2012,ЧЕРВОНИЙ,БЕНЗИН АБО ГАЗ
04.03.2021,SKODA,OCTAVIA,2012,СІРИЙ,ДИЗЕЛЬНЕ ПАЛИВО
20.02.2021,SKODA,OCTAVIA A5 COMBI,2012,СІРИЙ,ДИЗЕЛЬНЕ ПАЛИВО
20.02.2021,SKODA,OCTAVIA A5 COMBI,2012,СІРИЙ,ДИЗЕЛЬНЕ ПАЛИВО
27.01.2021,SKODA,OCTAVIA,2012,БІЛИЙ,ДИЗЕЛЬНЕ ПАЛИВО
21.01.2021,SKODA,OCTAVIA,2012,БІЛИЙ,БЕНЗИН АБО ГАЗ
06.03.2021,SKODA,SUPERB,2012,СІРИЙ,ДИЗЕЛЬНЕ ПАЛИВО
20.02.2021,SKODA,OCTAVIA,2012,БІЛИЙ,ДИЗЕЛЬНЕ ПАЛИВО
24.03.2021,SKODA,OCTAVIA,2012,СИНІЙ,ДИЗЕЛЬНЕ ПАЛИВО
04.01.2021,SKODA,OCTAVIA,2012,СІРИЙ,ДИЗЕЛЬНЕ ПАЛИВО
21.01.2021,SKODA,OCTAVIA,2012,БІЛИЙ,ДИЗЕЛЬНЕ ПАЛИВО
03.03.2021,SKODA,OCTAVIA,2012,СІРИЙ,ДИЗЕЛЬНЕ ПАЛИВО
08.01.2021,SKODA,OCTAVIA,2012,СІРИЙ,БЕНЗИН АБО ГАЗ
19.03.2021,SKODA,OCTAVIA,2012,СІРИЙ,ДИЗЕЛЬНЕ ПАЛИВО
09.02.2021,SKODA,OCTAVIA A5,2012,ЧОРНИЙ,БЕНЗИН АБО ГАЗ
04.01.2021,SKODA,OCTAVIA,2012,СІРИЙ,ДИЗЕЛЬНЕ ПАЛИВО
10.02.2021,SKODA,FABIA,2012,БІЛИЙ,БЕНЗИН
28.01.2021,SKODA,OCTAVIA,2012,ЧОРНИЙ,ДИЗЕЛЬНЕ ПАЛИВО
28.01.2021,SKODA,OCTAVIA,2012,ЧОРНИЙ,ДИЗЕЛЬНЕ ПАЛИВО
05.02.2021,SKODA,OCTAVIA,2012,ЧОРНИЙ,БЕНЗИН АБО ГАЗ
30.01.2021,SKODA,OCTAVIA,2012,БІЛИЙ,ДИЗЕЛЬНЕ ПАЛИВО
11.03.2021,SKODA,OCTAVIA A5,2012,БЕЖЕВИЙ,БЕНЗИН АБО ГАЗ
20.03.2021,SKODA,FABIA,2012,БІЛИЙ,БЕНЗИН АБО ГАЗ
14.01.2021,SKODA,OCTAVIA,2012,ЧОРНИЙ,ДИЗЕЛЬНЕ ПАЛИВО
17.03.2021,SKODA,OCTAVIA,2012,СІРИЙ,ДИЗЕЛЬНЕ ПАЛИВО
25.02.2021,SKODA,SUPERB,2012,ЧОРНИЙ,ДИЗЕЛЬНЕ ПАЛИВО
05.01.2021,SKODA,SUPERB,2012,СІРИЙ,ДИЗЕЛЬНЕ ПАЛИВО
10.03.2021,SKODA,FABIA,2012,БІЛИЙ,БЕНЗИН
11.02.2021,SKODA,OCTAVIA,2012,СІРИЙ,БЕНЗИН АБО ГАЗ
23.01.2021,SKODA,OCTAVIA A5,2012,БІЛИЙ,ДИЗЕЛЬНЕ ПАЛИВО
20.01.2021,SKODA,OCTAVIA,2012,СІРИЙ,ДИЗЕЛЬНЕ ПАЛИВО
30.01.2021,SKODA,OCTAVIA,2012,СІРИЙ,ДИЗЕЛЬНЕ ПАЛИВО
23.01.2021,SKODA,FABIA,2012,СІРИЙ,БЕНЗИН
12.01.2021,SKODA,SUPERB,2012,КОРИЧНЕВИЙ,ДИЗЕЛЬНЕ ПАЛИВО
04.03.2021,SKODA,OCTAVIA,2012,ЧОРНИЙ,БЕНЗИН АБО ГАЗ
24.02.2021,SKODA,FABIA,2012,СИНІЙ,БЕНЗИН АБО ГАЗ
22.01.2021,SKODA,OCTAVIA,2012,СІРИЙ,ДИЗЕЛЬНЕ ПАЛИВО
04.02.2021,SKODA,OCTAVIA,2012,СІРИЙ,ДИЗЕЛЬНЕ ПАЛИВО
28.01.2021,SKODA,OCTAVIA,2012,СІРИЙ,ДИЗЕЛЬНЕ ПАЛИВО
06.01.2021,SKODA,OCTAVIA,2012,СІРИЙ,БЕНЗИН
04.01.2021,SKODA,OCTAVIA,2012,СІРИЙ,ДИЗЕЛЬНЕ ПАЛИВО
04.01.2021,SKODA,OCTAVIA,2012,СІРИЙ,ДИЗЕЛЬНЕ ПАЛИВО
02.02.2021,SKODA,YETI,2012,БІЛИЙ,ДИЗЕЛЬНЕ ПАЛИВО
13.03.2021,SKODA,FABIA,2012,СІРИЙ,БЕНЗИН
26.02.2021,SKODA,FABIA,2012,БІЛИЙ,ДИЗЕЛЬНЕ ПАЛИВО
18.02.2021,SKODA,SUPERB,2012,СІРИЙ,ДИЗЕЛЬНЕ ПАЛИВО
26.01.2021,SKODA,ROOMSTER,2012,БІЛИЙ,ДИЗЕЛЬНЕ ПАЛИВО
12.01.2021,SKODA,OCTAVIA,2012,ЧОРНИЙ,ДИЗЕЛЬНЕ ПАЛИВО
25.02.2021,SKODA,OCTAVIA,2012,СІРИЙ,ДИЗЕЛЬНЕ ПАЛИВО
02.02.2021,SKODA,OCTAVIA,2012,ЧОРНИЙ,ДИЗЕЛЬНЕ ПАЛИВО
15.01.2021,SKODA,OCTAVIA,2012,СІРИЙ,ДИЗЕЛЬНЕ ПАЛИВО
25.03.2021,SKODA,FABIA,2012,БІЛИЙ,БЕНЗИН АБО ГАЗ
12.01.2021,SKODA,OCTAVIA,2012,БІЛИЙ,ДИЗЕЛЬНЕ ПАЛИВО
29.01.2021,SKODA,FABIA,2012,СІРИЙ,БЕНЗИН АБО ГАЗ
13.01.2021,SKODA,OCTAVIA,2012,СІРИЙ,БЕНЗИН АБО ГАЗ
05.01.2021,SKODA,OCTAVIA,2012,СІРИЙ,ДИЗЕЛЬНЕ ПАЛИВО
25.03.2021,SKODA,OCTAVIA,2012,ЧОРНИЙ,ДИЗЕЛЬНЕ ПАЛИВО
03.02.2021,SKODA,FABIA,2012,ЧОРНИЙ,ДИЗЕЛЬНЕ ПАЛИВО
06.01.2021,SKODA,FABIA,2012,СИНІЙ,БЕНЗИН АБО ГАЗ
02.02.2021,SKODA,OCTAVIA A5,2012,СІРИЙ,БЕНЗИН
04.02.2021,SKODA,OCTAVIA,2012,СИНІЙ,ДИЗЕЛЬНЕ ПАЛИВО
12.02.2021,SKODA,OCTAVIA,2012,СІРИЙ,БЕНЗИН АБО ГАЗ
02.02.2021,SKODA,OCTAVIA,2012,СІРИЙ,БЕНЗИН АБО ГАЗ
18.02.2021,SKODA,FABIA,2012,СІРИЙ,БЕНЗИН
18.02.2021,SKODA,FABIA,2012,СІРИЙ,БЕНЗИН
19.01.2021,SKODA,FABIA,2012,БІЛИЙ,БЕНЗИН АБО ГАЗ
22.01.2021,SKODA,OCTAVIA,2012,СІРИЙ,ДИЗЕЛЬНЕ ПАЛИВО
20.03.2021,SKODA,OCTAVIA,2012,СІРИЙ,БЕНЗИН АБО ГАЗ
04.01.2021,SKODA,OCTAVIA,2012,СИНІЙ,ДИЗЕЛЬНЕ ПАЛИВО
02.02.2021,SKODA,OCTAVIA,2012,БІЛИЙ,БЕНЗИН
20.02.2021,SKODA,OCTAVIA,2012,СІРИЙ,ДИЗЕЛЬНЕ ПАЛИВО
10.02.2021,SKODA,OCTAVIA,2012,ЧОРНИЙ,ДИЗЕЛЬНЕ ПАЛИВО
09.01.2021,SKODA,OCTAVIA,2012,ЧОРНИЙ,ДИЗЕЛЬНЕ ПАЛИВО
12.03.2021,SKODA,OCTAVIA,2012,ЧОРНИЙ,ДИЗЕЛЬНЕ ПАЛИВО
23.03.2021,SKODA,SUPERB,2012,ЧОРНИЙ,ДИЗЕЛЬНЕ ПАЛИВО
12.03.2021,SKODA,FABIA,2012,ЧОРНИЙ,БЕНЗИН
24.03.2021,SKODA,FABIA,2012,БІЛИЙ,БЕНЗИН
30.01.2021,SKODA,FABIA,2012,СИНІЙ,ДИЗЕЛЬНЕ ПАЛИВО
06.01.2021,SKODA,OCTAVIA,2012,СІРИЙ,ДИЗЕЛЬНЕ ПАЛИВО
31.03.2021,SKODA,OCTAVIA A5,2012,СІРИЙ,БЕНЗИН
03.02.2021,SKODA,OCTAVIA,2012,СИНІЙ,ДИЗЕЛЬНЕ ПАЛИВО
06.03.2021,SKODA,OCTAVIA,2012,СІРИЙ,ДИЗЕЛЬНЕ ПАЛИВО
05.03.2021,SKODA,FABIA,2012,СІРИЙ,ДИЗЕЛЬНЕ ПАЛИВО
03.03.2021,SKODA,FABIA,2012,БІЛИЙ,ДИЗЕЛЬНЕ ПАЛИВО
23.02.2021,SKODA,FABIA,2012,СИНІЙ,БЕНЗИН
23.02.2021,SKODA,OCTAVIA,2012,БІЛИЙ,БЕНЗИН АБО ГАЗ
25.02.2021,SKODA,OCTAVIA A5,2012,СИНІЙ,БЕНЗИН
06.03.2021,SKODA,FABIA,2012,СІРИЙ,БЕНЗИН
02.03.2021,SKODA,YETI,2012,КОРИЧНЕВИЙ,БЕНЗИН
26.01.2021,SKODA,ROOMSTER,2012,БІЛИЙ,ДИЗЕЛЬНЕ ПАЛИВО
30.01.2021,SKODA,OCTAVIA,2012,БІЛИЙ,ДИЗЕЛЬНЕ ПАЛИВО
09.02.2021,SKODA,OCTAVIA,2012,СИНІЙ,БЕНЗИН АБО ГАЗ
19.01.2021,SKODA,OCTAVIA,2012,СІРИЙ,БЕНЗИН АБО ГАЗ
17.03.2021,SKODA,OCTAVIA,2012,СІРИЙ,БЕНЗИН АБО ГАЗ
13.03.2021,SKODA,FABIA,2012,ЧОРНИЙ,БЕНЗИН
15.01.2021,SKODA,ROOMSTER,2012,БІЛИЙ,ДИЗЕЛЬНЕ ПАЛИВО
25.03.2021,SKODA,OCTAVIA,2012,СИНІЙ,БЕНЗИН АБО ГАЗ
30.03.2021,SKODA,FABIA,2012,СИНІЙ,ДИЗЕЛЬНЕ ПАЛИВО
27.02.2021,SKODA,OCTAVIA,2012,БІЛИЙ,ДИЗЕЛЬНЕ ПАЛИВО
04.03.2021,SKODA,OCTAVIA,2012,ЧОРНИЙ,ДИЗЕЛЬНЕ ПАЛИВО
11.03.2021,SKODA,OCTAVIA,2012,ЧОРНИЙ,БЕНЗИН
13.03.2021,SKODA,SUPERB,2012,СІРИЙ,ДИЗЕЛЬНЕ ПАЛИВО
30.01.2021,SKODA,OCTAVIA,2012,БІЛИЙ,ДИЗЕЛЬНЕ ПАЛИВО
16.01.2021,SKODA,OCTAVIA,2012,БІЛИЙ,ДИЗЕЛЬНЕ ПАЛИВО
05.01.2021,SKODA,SUPERB,2012,ЧОРНИЙ,ДИЗЕЛЬНЕ ПАЛИВО
13.01.2021,SKODA,SUPERB,2012,ЧОРНИЙ,ДИЗЕЛЬНЕ ПАЛИВО
27.02.2021,SKODA,OCTAVIA,2012,СІРИЙ,БЕНЗИН АБО ГАЗ
16.01.2021,SKODA,RAPID,2012,ЧОРНИЙ,БЕНЗИН
19.02.2021,SKODA,FABIA,2012,СІРИЙ,ДИЗЕЛЬНЕ ПАЛИВО
10.03.2021,SKODA,FABIA,2012,СІРИЙ,ДИЗЕЛЬНЕ ПАЛИВО
22.01.2021,SKODA,OCTAVIA,2012,БІЛИЙ,БЕНЗИН АБО ГАЗ
16.01.2021,SKODA,OCTAVIA,2012,СІРИЙ,ДИЗЕЛЬНЕ ПАЛИВО
26.02.2021,SKODA,FABIA,2012,СІРИЙ,БЕНЗИН
13.03.2021,SKODA,OCTAVIA,2012,БІЛИЙ,ДИЗЕЛЬНЕ ПАЛИВО
12.03.2021,SKODA,OCTAVIA,2012,ЧОРНИЙ,ДИЗЕЛЬНЕ ПАЛИВО
22.01.2021,SKODA,OCTAVIA,2012,СІРИЙ,ДИЗЕЛЬНЕ ПАЛИВО
30.01.2021,SKODA,OCTAVIA,2012,СІРИЙ,ДИЗЕЛЬНЕ ПАЛИВО
06.03.2021,SKODA,OCTAVIA A5,2012,ЗЕЛЕНИЙ,БЕНЗИН АБО ГАЗ
18.03.2021,SKODA,OCTAVIA,2012,СІРИЙ,ДИЗЕЛЬНЕ ПАЛИВО
25.03.2021,SKODA,OCTAVIA,2012,БІЛИЙ,ДИЗЕЛЬНЕ ПАЛИВО
30.01.2021,SKODA,OCTAVIA A5,2012,СІРИЙ,ДИЗЕЛЬНЕ ПАЛИВО
16.03.2021,SKODA,OCTAVIA,2012,ЧОРНИЙ,ДИЗЕЛЬНЕ ПАЛИВО
03.03.2021,SKODA,OCTAVIA,2012,БЕЖЕВИЙ,БЕНЗИН
11.02.2021,SKODA,OCTAVIA,2012,БЕЖЕВИЙ,БЕНЗИН
26.02.2021,SKODA,OCTAVIA,2012,БІЛИЙ,ДИЗЕЛЬНЕ ПАЛИВО
05.03.2021,SKODA,OCTAVIA,2012,СИНІЙ,ДИЗЕЛЬНЕ ПАЛИВО
30.01.2021,SKODA,OCTAVIA,2012,БІЛИЙ,ДИЗЕЛЬНЕ ПАЛИВО
06.02.2021,SKODA,OCTAVIA,2012,СІРИЙ,ДИЗЕЛЬНЕ ПАЛИВО
18.03.2021,SKODA,OCTAVIA,2012,СІРИЙ,ДИЗЕЛЬНЕ ПАЛИВО
09.02.2021,SKODA,OCTAVIA,2012,СИНІЙ,ДИЗЕЛЬНЕ ПАЛИВО
30.01.2021,SKODA,FABIA,2012,БІЛИЙ,БЕНЗИН АБО ГАЗ
11.02.2021,SKODA,OCTAVIA,2012,ЧОРНИЙ,БЕНЗИН
23.03.2021,SKODA,OCTAVIA,2012,СИНІЙ,ДИЗЕЛЬНЕ ПАЛИВО
27.02.2021,SKODA,FABIA,2012,БІЛИЙ,БЕНЗИН
10.03.2021,SKODA,FABIA,2012,СІРИЙ,БЕНЗИН
17.03.2021,SKODA,OCTAVIA,2012,КОРИЧНЕВИЙ,ДИЗЕЛЬНЕ ПАЛИВО
03.03.2021,SKODA,OCTAVIA A5,2012,СІРИЙ,ДИЗЕЛЬНЕ ПАЛИВО
19.01.2021,SKODA,OCTAVIA,2012,ЧОРНИЙ,ДИЗЕЛЬНЕ ПАЛИВО
27.02.2021,SKODA,OCTAVIA,2012,СІРИЙ,БЕНЗИН АБО ГАЗ
16.03.2021,SKODA,FABIA,2012,СІРИЙ,БЕНЗИН
24.03.2021,SKODA,SUPERB,2012,СИНІЙ,БЕНЗИН
19.01.2021,SKODA,FABIA,2012,СІРИЙ,БЕНЗИН
24.03.2021,SKODA,OCTAVIA,2012,БІЛИЙ,ДИЗЕЛЬНЕ ПАЛИВО
03.02.2021,SKODA,SUPERB,2012,СІРИЙ,ДИЗЕЛЬНЕ ПАЛИВО
16.03.2021,SKODA,SUPERB,2012,ЧОРНИЙ,ДИЗЕЛЬНЕ ПАЛИВО
30.01.2021,SKODA,OCTAVIA,2012,БІЛИЙ,ДИЗЕЛЬНЕ ПАЛИВО
22.01.2021,SKODA,FABIA,2012,СІРИЙ,БЕНЗИН АБО ГАЗ
23.03.2021,SKODA,FABIA,2012,СІРИЙ,БЕНЗИН АБО ГАЗ
04.02.2021,SKODA,OCTAVIA,2012,БІЛИЙ,БЕНЗИН
19.01.2021,SKODA,OCTAVIA,2012,СІРИЙ,ДИЗЕЛЬНЕ ПАЛИВО
25.03.2021,SKODA,OCTAVIA,2012,СІРИЙ,ДИЗЕЛЬНЕ ПАЛИВО
22.01.2021,SKODA,FABIA,2012,БІЛИЙ,ДИЗЕЛЬНЕ ПАЛИВО
13.03.2021,SKODA,OCTAVIA A5,2012,ЧОРНИЙ,ДИЗЕЛЬНЕ ПАЛИВО
25.02.2021,SKODA,OCTAVIA,2012,БІЛИЙ,ДИЗЕЛЬНЕ ПАЛИВО
17.03.2021,SKODA,OCTAVIA,2012,ЧОРНИЙ,БЕНЗИН
17.03.2021,SKODA,OCTAVIA,2012,ЧОРНИЙ,БЕНЗИН
19.02.2021,SKODA,OCTAVIA,2012,СІРИЙ,ДИЗЕЛЬНЕ ПАЛИВО
13.03.2021,SKODA,OCTAVIA,2012,СІРИЙ,ДИЗЕЛЬНЕ ПАЛИВО
16.03.2021,SKODA,YETI,2012,СІРИЙ,БЕНЗИН
30.01.2021,SKODA,OCTAVIA,2012,СИНІЙ,БЕНЗИН АБО ГАЗ
27.02.2021,SKODA,SUPERB,2012,ЧОРНИЙ,ДИЗЕЛЬНЕ ПАЛИВО
20.03.2021,SKODA,OCTAVIA A5 COMBI,2012,СІРИЙ,ДИЗЕЛЬНЕ ПАЛИВО
19.02.2021,SKODA,SUPERB,2012,БІЛИЙ,ДИЗЕЛЬНЕ ПАЛИВО
20.02.2021,SKODA,FABIA,2012,СІРИЙ,ДИЗЕЛЬНЕ ПАЛИВО
14.01.2021,SKODA,OCTAVIA,2012,СІРИЙ,ДИЗЕЛЬНЕ ПАЛИВО
23.03.2021,SKODA,OCTAVIA,2012,СІРИЙ,ДИЗЕЛЬНЕ ПАЛИВО
11.03.2021,SKODA,OCTAVIA A5,2012,ЧОРНИЙ,ДИЗЕЛЬНЕ ПАЛИВО
06.01.2021,SKODA,FABIA,2012,СИНІЙ,ДИЗЕЛЬНЕ ПАЛИВО
30.01.2021,SKODA,OCTAVIA,2012,ЧОРНИЙ,ДИЗЕЛЬНЕ ПАЛИВО
17.03.2021,SKODA,FABIA,2012,СІРИЙ,БЕНЗИН АБО ГАЗ
19.03.2021,SKODA,FABIA,2012,СІРИЙ,БЕНЗИН АБО ГАЗ
26.03.2021,SKODA,OCTAVIA A5,2012,БІЛИЙ,ДИЗЕЛЬНЕ ПАЛИВО
13.03.2021,SKODA,FABIA,2012,СІРИЙ,БЕНЗИН
23.01.2021,SKODA,OCTAVIA,2012,ЧОРНИЙ,ДИЗЕЛЬНЕ ПАЛИВО
11.03.2021,SKODA,OCTAVIA,2012,СІРИЙ,БЕНЗИН АБО ГАЗ
06.02.2021,SKODA,OCTAVIA,2012,СІРИЙ,ДИЗЕЛЬНЕ ПАЛИВО
26.02.2021,SKODA,OCTAVIA,2012,СІРИЙ,ДИЗЕЛЬНЕ ПАЛИВО
23.01.2021,SKODA,OCTAVIA,2012,СІРИЙ,ДИЗЕЛЬНЕ ПАЛИВО
12.02.2021,SKODA,OCTAVIA,2012,СІРИЙ,ДИЗЕЛЬНЕ ПАЛИВО
22.01.2021,SKODA,OCTAVIA,2012,СІРИЙ,ДИЗЕЛЬНЕ ПАЛИВО
12.03.2021,SKODA,OCTAVIA,2012,СІРИЙ,БЕНЗИН АБО ГАЗ
31.03.2021,SKODA,OCTAVIA,2012,ЧОРНИЙ,ДИЗЕЛЬНЕ ПАЛИВО
02.03.2021,SKODA,FABIA,2012,СІРИЙ,ДИЗЕЛЬНЕ ПАЛИВО
04.01.2021,SKODA,OCTAVIA,2012,СІРИЙ,ДИЗЕЛЬНЕ ПАЛИВО
02.03.2021,SKODA,FABIA,2012,СИНІЙ,БЕНЗИН
13.02.2021,SKODA,OCTAVIA,2012,ЧОРНИЙ,ДИЗЕЛЬНЕ ПАЛИВО
08.01.2021,SKODA,SUPERB,2012,СІРИЙ,ДИЗЕЛЬНЕ ПАЛИВО
16.03.2021,SKODA,OCTAVIA,2012,ЗЕЛЕНИЙ,ДИЗЕЛЬНЕ ПАЛИВО
23.01.2021,SKODA,OCTAVIA,2012,ЗЕЛЕНИЙ,ДИЗЕЛЬНЕ ПАЛИВО
10.02.2021,SKODA,FABIA,2012,СІРИЙ,ДИЗЕЛЬНЕ ПАЛИВО
25.02.2021,SKODA,ROOMSTER,2012,ЧОРНИЙ,БЕНЗИН
22.01.2021,SKODA,OCTAVIA,2012,БІЛИЙ,ДИЗЕЛЬНЕ ПАЛИВО
13.03.2021,SKODA,OCTAVIA,2012,СІРИЙ,ДИЗЕЛЬНЕ ПАЛИВО
12.03.2021,SKODA,OCTAVIA,2012,ЧОРНИЙ,ДИЗЕЛЬНЕ ПАЛИВО
30.03.2021,SKODA,OCTAVIA,2012,СІРИЙ,ДИЗЕЛЬНЕ ПАЛИВО
02.03.2021,SKODA,OCTAVIA,2012,СІРИЙ,ДИЗЕЛЬНЕ ПАЛИВО
28.01.2021,SKODA,YETI,2012,БІЛИЙ,ДИЗЕЛЬНЕ ПАЛИВО
12.03.2021,SKODA,OCTAVIA,2012,БІЛИЙ,ДИЗЕЛЬНЕ ПАЛИВО
25.02.2021,SKODA,OCTAVIA,2012,ЧОРНИЙ,ДИЗЕЛЬНЕ ПАЛИВО
23.03.2021,SKODA,OCTAVIA,2012,СИНІЙ,ДИЗЕЛЬНЕ ПАЛИВО
27.02.2021,SKODA,OCTAVIA,2012,СІРИЙ,ДИЗЕЛЬНЕ ПАЛИВО
19.02.2021,SKODA,OCTAVIA,2012,СІРИЙ,ДИЗЕЛЬНЕ ПАЛИВО
13.02.2021,SKODA,OCTAVIA,2012,БІЛИЙ,БЕНЗИН АБО ГАЗ
12.02.2021,SKODA,OCTAVIA,2012,БІЛИЙ,БЕНЗИН АБО ГАЗ
16.03.2021,SKODA,OCTAVIA,2012,БІЛИЙ,БЕНЗИН АБО ГАЗ
27.02.2021,SKODA,OCTAVIA A5,2012,БЕЖЕВИЙ,БЕНЗИН
06.02.2021,SKODA,OCTAVIA,2012,СІРИЙ,ДИЗЕЛЬНЕ ПАЛИВО
12.02.2021,SKODA,OCTAVIA,2012,СІРИЙ,ДИЗЕЛЬНЕ ПАЛИВО
12.02.2021,SKODA,FABIA,2012,БІЛИЙ,БЕНЗИН АБО ГАЗ
31.03.2021,SKODA,OCTAVIA,2012,СІРИЙ,БЕНЗИН АБО ГАЗ
25.02.2021,SKODA,OCTAVIA,2012,СІРИЙ,БЕНЗИН АБО ГАЗ
29.01.2021,SKODA,FABIA,2012,БІЛИЙ,ДИЗЕЛЬНЕ ПАЛИВО
25.02.2021,SKODA,FABIA,2012,БІЛИЙ,ДИЗЕЛЬНЕ ПАЛИВО
27.02.2021,SKODA,OCTAVIA,2012,БІЛИЙ,ДИЗЕЛЬНЕ ПАЛИВО
11.03.2021,SKODA,OCTAVIA,2012,СІРИЙ,ДИЗЕЛЬНЕ ПАЛИВО
27.02.2021,SKODA,OCTAVIA,2012,СІРИЙ,ДИЗЕЛЬНЕ ПАЛИВО
20.03.2021,SKODA,OCTAVIA,2012,СІРИЙ,ДИЗЕЛЬНЕ ПАЛИВО
18.03.2021,SKODA,OCTAVIA,2012,БІЛИЙ,ДИЗЕЛЬНЕ ПАЛИВО
25.02.2021,SKODA,OCTAVIA,2012,ЧОРНИЙ,ДИЗЕЛЬНЕ ПАЛИВО
04.03.2021,SKODA,FABIA,2012,ЧОРНИЙ,ДИЗЕЛЬНЕ ПАЛИВО
12.01.2021,SKODA,ROOMSTER,2012,СІРИЙ,ДИЗЕЛЬНЕ ПАЛИВО
25.02.2021,SKODA,OCTAVIA,2012,ЧОРНИЙ,ДИЗЕЛЬНЕ ПАЛИВО
25.02.2021,SKODA,OCTAVIA,2012,ЧОРНИЙ,ДИЗЕЛЬНЕ ПАЛИВО
20.01.2021,SKODA,OCTAVIA,2012,ЧЕРВОНИЙ,ДИЗЕЛЬНЕ ПАЛИВО
05.02.2021,SKODA,OCTAVIA,2012,ЧОРНИЙ,ДИЗЕЛЬНЕ ПАЛИВО
06.01.2021,SKODA,SUPERB,2012,ЧОРНИЙ,ДИЗЕЛЬНЕ ПАЛИВО
09.02.2021,SKODA,SUPERB,2012,ЧОРНИЙ,ДИЗЕЛЬНЕ ПАЛИВО
02.03.2021,SKODA,OCTAVIA,2012,ЧОРНИЙ,ДИЗЕЛЬНЕ ПАЛИВО
14.01.2021,SKODA,OCTAVIA,2012,СІРИЙ,ДИЗЕЛЬНЕ ПАЛИВО
26.03.2021,SKODA,FABIA,2012,БІЛИЙ,БЕНЗИН
02.02.2021,SKODA,OCTAVIA,2012,СІРИЙ,ДИЗЕЛЬНЕ ПАЛИВО
02.02.2021,SKODA,FABIA,2012,СІРИЙ,ДИЗЕЛЬНЕ ПАЛИВО
10.03.2021,SKODA,FABIA,2012,БІЛИЙ,БЕНЗИН
16.03.2021,SKODA,OCTAVIA,2012,ЧОРНИЙ,ДИЗЕЛЬНЕ ПАЛИВО
27.03.2021,SKODA,SUPERB,2012,ЧОРНИЙ,ДИЗЕЛЬНЕ ПАЛИВО
04.02.2021,SKODA,OCTAVIA,2012,СИНІЙ,ДИЗЕЛЬНЕ ПАЛИВО
06.01.2021,SKODA,SUPERB,2012,ЧОРНИЙ,ДИЗЕЛЬНЕ ПАЛИВО
02.02.2021,SKODA,FABIA,2012,БІЛИЙ,ДИЗЕЛЬНЕ ПАЛИВО
02.03.2021,SKODA,OCTAVIA,2012,ЧОРНИЙ,ДИЗЕЛЬНЕ ПАЛИВО
02.03.2021,SKODA,OCTAVIA,2012,ЧОРНИЙ,ДИЗЕЛЬНЕ ПАЛИВО
04.03.2021,SKODA,OCTAVIA,2012,СІРИЙ,БЕНЗИН АБО ГАЗ
28.01.2021,SKODA,OCTAVIA,2012,СІРИЙ,БЕНЗИН АБО ГАЗ
14.01.2021,SKODA,OCTAVIA,2012,СІРИЙ,ДИЗЕЛЬНЕ ПАЛИВО
26.02.2021,SKODA,OCTAVIA,2012,СІРИЙ,ДИЗЕЛЬНЕ ПАЛИВО
05.02.2021,SKODA,OCTAVIA,2012,ЧОРНИЙ,ДИЗЕЛЬНЕ ПАЛИВО
17.03.2021,SKODA,OCTAVIA,2012,ЧОРНИЙ,ДИЗЕЛЬНЕ ПАЛИВО
25.03.2021,SKODA,SUPERB,2012,БІЛИЙ,ДИЗЕЛЬНЕ ПАЛИВО
25.03.2021,SKODA,SUPERB,2012,БІЛИЙ,ДИЗЕЛЬНЕ ПАЛИВО
25.03.2021,SKODA,SUPERB,2012,БІЛИЙ,ДИЗЕЛЬНЕ ПАЛИВО
26.03.2021,SKODA,FABIA,2012,ЧОРНИЙ,ДИЗЕЛЬНЕ ПАЛИВО
30.01.2021,SKODA,OCTAVIA,2012,СИНІЙ,ДИЗЕЛЬНЕ ПАЛИВО
16.02.2021,SKODA,OCTAVIA,2012,СІРИЙ,ДИЗЕЛЬНЕ ПАЛИВО
02.02.2021,SKODA,OCTAVIA,2012,СІРИЙ,ДИЗЕЛЬНЕ ПАЛИВО
13.02.2021,SKODA,OCTAVIA,2012,ЧОРНИЙ,БЕНЗИН
10.03.2021,SKODA,OCTAVIA,2012,ЧОРНИЙ,БЕНЗИН
04.02.2021,SKODA,OCTAVIA,2012,СІРИЙ,ДИЗЕЛЬНЕ ПАЛИВО
27.01.2021,SKODA,OCTAVIA,2012,СІРИЙ,ДИЗЕЛЬНЕ ПАЛИВО
17.02.2021,SKODA,OCTAVIA,2012,БІЛИЙ,БЕНЗИН АБО ГАЗ
14.01.2021,SKODA,OCTAVIA,2012,БІЛИЙ,БЕНЗИН АБО ГАЗ
13.01.2021,SKODA,OCTAVIA,2012,ЧОРНИЙ,БЕНЗИН АБО ГАЗ
21.01.2021,SKODA,OCTAVIA,2012,ЧОРНИЙ,БЕНЗИН АБО ГАЗ
05.03.2021,SKODA,OCTAVIA,2012,СІРИЙ,ДИЗЕЛЬНЕ ПАЛИВО
05.03.2021,SKODA,OCTAVIA,2012,СІРИЙ,ДИЗЕЛЬНЕ ПАЛИВО
27.01.2021,SKODA,OCTAVIA,2012,ЧОРНИЙ,ДИЗЕЛЬНЕ ПАЛИВО
27.01.2021,SKODA,SUPERB,2012,ЧОРНИЙ,ДИЗЕЛЬНЕ ПАЛИВО
24.02.2021,SKODA,OCTAVIA,2012,СІРИЙ,ДИЗЕЛЬНЕ ПАЛИВО
29.01.2021,SKODA,OCTAVIA,2012,СІРИЙ,ДИЗЕЛЬНЕ ПАЛИВО
27.03.2021,SKODA,OCTAVIA,2012,ЧОРНИЙ,ДИЗЕЛЬНЕ ПАЛИВО
16.03.2021,SKODA,OCTAVIA,2012,ЧОРНИЙ,БЕНЗИН
16.03.2021,SKODA,SUPERB,2012,ЧОРНИЙ,ДИЗЕЛЬНЕ ПАЛИВО
27.01.2021,SKODA,OCTAVIA,2012,БІЛИЙ,ДИЗЕЛЬНЕ ПАЛИВО
10.03.2021,SKODA,OCTAVIA,2012,СІРИЙ,ДИЗЕЛЬНЕ ПАЛИВО
10.03.2021,SKODA,ROOMSTER,2012,ЧОРНИЙ,БЕНЗИН АБО ГАЗ
12.03.2021,SKODA,OCTAVIA,2012,СІРИЙ,ДИЗЕЛЬНЕ ПАЛИВО
26.03.2021,SKODA,OCTAVIA,2012,СІРИЙ,ДИЗЕЛЬНЕ ПАЛИВО
22.01.2021,SKODA,SUPERB,2012,СІРИЙ,ДИЗЕЛЬНЕ ПАЛИВО
03.03.2021,SKODA,OCTAVIA,2012,ЧОРНИЙ,ДИЗЕЛЬНЕ ПАЛИВО
23.02.2021,SKODA,YETI,2012,КОРИЧНЕВИЙ,БЕНЗИН
23.02.2021,SKODA,OCTAVIA,2012,БІЛИЙ,ДИЗЕЛЬНЕ ПАЛИВО
29.01.2021,SKODA,FABIA,2012,БІЛИЙ,ДИЗЕЛЬНЕ ПАЛИВО
02.03.2021,SKODA,FABIA,2012,БІЛИЙ,ДИЗЕЛЬНЕ ПАЛИВО
25.03.2021,SKODA,FABIA,2012,БІЛИЙ,ДИЗЕЛЬНЕ ПАЛИВО
11.02.2021,SKODA,SUPERB,2012,СІРИЙ,ДИЗЕЛЬНЕ ПАЛИВО
15.01.2021,SKODA,OCTAVIA,2012,БІЛИЙ,ДИЗЕЛЬНЕ ПАЛИВО
12.02.2021,SKODA,SUPERB,2012,СІРИЙ,ДИЗЕЛЬНЕ ПАЛИВО
22.01.2021,SKODA,FABIA,2012,БІЛИЙ,ДИЗЕЛЬНЕ ПАЛИВО
03.03.2021,SKODA,OCTAVIA,2012,СІРИЙ,ДИЗЕЛЬНЕ ПАЛИВО
03.03.2021,SKODA,OCTAVIA,2012,СІРИЙ,ДИЗЕЛЬНЕ ПАЛИВО
17.03.2021,SKODA,ROOMSTER,2012,СІРИЙ,БЕНЗИН
17.03.2021,SKODA,OCTAVIA,2012,СІРИЙ,ДИЗЕЛЬНЕ ПАЛИВО
27.01.2021,SKODA,OCTAVIA,2012,ЗЕЛЕНИЙ,БЕНЗИН
24.02.2021,SKODA,OCTAVIA,2012,БІЛИЙ,ДИЗЕЛЬНЕ ПАЛИВО
04.03.2021,SKODA,OCTAVIA,2012,СИНІЙ,ДИЗЕЛЬНЕ ПАЛИВО
18.02.2021,SKODA,OCTAVIA,2012,ЧОРНИЙ,ДИЗЕЛЬНЕ ПАЛИВО
27.02.2021,SKODA,ROOMSTER,2012,СІРИЙ,БЕНЗИН
04.02.2021,SKODA,SUPERB,2012,СІРИЙ,ДИЗЕЛЬНЕ ПАЛИВО
27.01.2021,SKODA,FABIA,2012,СІРИЙ,БЕНЗИН
02.03.2021,SKODA,ROOMSTER,2012,БІЛИЙ,ДИЗЕЛЬНЕ ПАЛИВО
31.03.2021,SKODA,OCTAVIA,2012,ЧОРНИЙ,БЕНЗИН
11.03.2021,SKODA,OCTAVIA,2012,БІЛИЙ,БЕНЗИН
11.02.2021,SKODA,OCTAVIA,2012,ЧОРНИЙ,ДИЗЕЛЬНЕ ПАЛИВО
16.01.2021,SKODA,OCTAVIA,2012,СІРИЙ,ДИЗЕЛЬНЕ ПАЛИВО
27.01.2021,SKODA,ROOMSTER,2012,БІЛИЙ,БЕНЗИН
12.03.2021,SKODA,FABIA,2012,ЧОРНИЙ,ДИЗЕЛЬНЕ ПАЛИВО
24.03.2021,SKODA,FABIA,2012,ЧОРНИЙ,ДИЗЕЛЬНЕ ПАЛИВО
06.02.2021,SKODA,OCTAVIA,2012,БІЛИЙ,БЕНЗИН АБО ГАЗ
25.03.2021,SKODA,SUPERB,2012,ЧОРНИЙ,ДИЗЕЛЬНЕ ПАЛИВО
27.01.2021,SKODA,SUPERB,2012,КОРИЧНЕВИЙ,ДИЗЕЛЬНЕ ПАЛИВО
23.02.2021,SKODA,SUPERB,2012,ЧЕРВОНИЙ,ДИЗЕЛЬНЕ ПАЛИВО
19.03.2021,SKODA,OCTAVIA,2012,СІРИЙ,ДИЗЕЛЬНЕ ПАЛИВО
27.02.2021,SKODA,FABIA,2012,СИНІЙ,БЕНЗИН АБО ГАЗ
25.02.2021,SKODA,FABIA,2012,БЕЖЕВИЙ,БЕНЗИН
06.02.2021,SKODA,OCTAVIA,2012,ЧОРНИЙ,ДИЗЕЛЬНЕ ПАЛИВО
18.02.2021,SKODA,SUPERB,2012,ЧОРНИЙ,ДИЗЕЛЬНЕ ПАЛИВО
10.03.2021,SKODA,OCTAVIA,2012,БІЛИЙ,ДИЗЕЛЬНЕ ПАЛИВО
27.01.2021,SKODA,OCTAVIA,2012,ЧЕРВОНИЙ,ДИЗЕЛЬНЕ ПАЛИВО
31.03.2021,SKODA,OCTAVIA,2012,БІЛИЙ,ДИЗЕЛЬНЕ ПАЛИВО
31.03.2021,SKODA,FABIA,2012,БІЛИЙ,БЕНЗИН АБО ГАЗ
05.02.2021,SKODA,OCTAVIA,2012,ЧОРНИЙ,ДИЗЕЛЬНЕ ПАЛИВО
18.02.2021,SKODA,OCTAVIA,2012,ЧОРНИЙ,ДИЗЕЛЬНЕ ПАЛИВО
18.02.2021,SKODA,OCTAVIA,2012,СІРИЙ,ДИЗЕЛЬНЕ ПАЛИВО
15.01.2021,SKODA,OCTAVIA,2012,ЧЕРВОНИЙ,ДИЗЕЛЬНЕ ПАЛИВО
29.01.2021,SKODA,OCTAVIA,2012,ЧОРНИЙ,БЕНЗИН АБО ГАЗ
05.02.2021,SKODA,OCTAVIA,2012,ЧОРНИЙ,БЕНЗИН АБО ГАЗ
04.03.2021,SKODA,OCTAVIA,2012,СІРИЙ,ДИЗЕЛЬНЕ ПАЛИВО
12.03.2021,SKODA,FABIA,2012,БІЛИЙ,БЕНЗИН
06.02.2021,SKODA,SUPERB,2012,ЧОРНИЙ,ДИЗЕЛЬНЕ ПАЛИВО
10.03.2021,SKODA,OCTAVIA,2012,ЧОРНИЙ,БЕНЗИН
04.01.2021,SKODA,OCTAVIA,2012,СІРИЙ,ДИЗЕЛЬНЕ ПАЛИВО
27.01.2021,SKODA,FABIA,2012,БІЛИЙ,ДИЗЕЛЬНЕ ПАЛИВО
09.02.2021,SKODA,FABIA,2012,БІЛИЙ,ДИЗЕЛЬНЕ ПАЛИВО
05.02.2021,SKODA,OCTAVIA,2012,БІЛИЙ,ДИЗЕЛЬНЕ ПАЛИВО
02.02.2021,SKODA,FABIA,2012,СІРИЙ,ДИЗЕЛЬНЕ ПАЛИВО
27.01.2021,SKODA,OCTAVIA,2012,ЧОРНИЙ,ДИЗЕЛЬНЕ ПАЛИВО
20.02.2021,SKODA,OCTAVIA,2012,ЧОРНИЙ,ДИЗЕЛЬНЕ ПАЛИВО
26.03.2021,SKODA,SUPERB,2012,СІРИЙ,ДИЗЕЛЬНЕ ПАЛИВО
04.01.2021,SKODA,OCTAVIA,2012,ЧОРНИЙ,ДИЗЕЛЬНЕ ПАЛИВО
05.01.2021,SKODA,OCTAVIA,2012,ЧОРНИЙ,ДИЗЕЛЬНЕ ПАЛИВО
02.02.2021,SKODA,FABIA,2012,СІРИЙ,БЕНЗИН
23.03.2021,SKODA,OCTAVIA,2012,СІРИЙ,БЕНЗИН АБО ГАЗ
11.02.2021,SKODA,OCTAVIA,2012,СІРИЙ,ДИЗЕЛЬНЕ ПАЛИВО
04.02.2021,SKODA,OCTAVIA,2012,СІРИЙ,ДИЗЕЛЬНЕ ПАЛИВО
16.01.2021,SKODA,OCTAVIA,2012,СІРИЙ,ДИЗЕЛЬНЕ ПАЛИВО
03.02.2021,SKODA,OCTAVIA,2012,СІРИЙ,ДИЗЕЛЬНЕ ПАЛИВО
26.01.2021,SKODA,FABIA,2012,БІЛИЙ,БЕНЗИН АБО ГАЗ
23.01.2021,SKODA,OCTAVIA,2012,БІЛИЙ,ДИЗЕЛЬНЕ ПАЛИВО
09.02.2021,SKODA,FABIA,2012,СІРИЙ,БЕНЗИН
11.02.2021,SKODA,OCTAVIA,2012,ЧЕРВОНИЙ,ДИЗЕЛЬНЕ ПАЛИВО
13.03.2021,SKODA,OCTAVIA,2012,ЧОРНИЙ,БЕНЗИН АБО ГАЗ
29.01.2021,SKODA,FABIA,2012,СИНІЙ,БЕНЗИН
30.03.2021,SKODA,FABIA,2012,СІРИЙ,БЕНЗИН
25.03.2021,SKODA,FABIA,2012,СІРИЙ,БЕНЗИН
31.03.2021,SKODA,OCTAVIA,2012,СІРИЙ,ДИЗЕЛЬНЕ ПАЛИВО
05.02.2021,SKODA,FABIA,2012,ЧОРНИЙ,ДИЗЕЛЬНЕ ПАЛИВО
31.03.2021,SKODA,OCTAVIA,2012,СІРИЙ,БЕНЗИН АБО ГАЗ
20.01.2021,SKODA,OCTAVIA,2012,ЧОРНИЙ,БЕНЗИН
19.01.2021,SKODA,FABIA,2012,СІРИЙ,БЕНЗИН
20.03.2021,SKODA,FABIA,2012,СІРИЙ,БЕНЗИН
19.02.2021,SKODA,OCTAVIA,2012,БІЛИЙ,ДИЗЕЛЬНЕ ПАЛИВО
02.03.2021,SKODA,OCTAVIA,2012,СІРИЙ,ДИЗЕЛЬНЕ ПАЛИВО
02.03.2021,SKODA,OCTAVIA,2012,СІРИЙ,ДИЗЕЛЬНЕ ПАЛИВО
16.01.2021,SKODA,OCTAVIA A5,2012,СИНІЙ,ДИЗЕЛЬНЕ ПАЛИВО
16.02.2021,SKODA,OCTAVIA A5,2012,СИНІЙ,ДИЗЕЛЬНЕ ПАЛИВО
05.01.2021,SKODA,OCTAVIA,2012,СІРИЙ,БЕНЗИН АБО ГАЗ
27.01.2021,SKODA,OCTAVIA,2012,СІРИЙ,БЕНЗИН АБО ГАЗ
05.02.2021,SKODA,OCTAVIA,2012,СІРИЙ,ДИЗЕЛЬНЕ ПАЛИВО
30.03.2021,SKODA,OCTAVIA,2012,СІРИЙ,ДИЗЕЛЬНЕ ПАЛИВО
05.03.2021,SKODA,FABIA,2012,СІРИЙ,БЕНЗИН
02.03.2021,SKODA,OCTAVIA,2012,БІЛИЙ,ДИЗЕЛЬНЕ ПАЛИВО
30.03.2021,SKODA,SUPERB,2012,СІРИЙ,ДИЗЕЛЬНЕ ПАЛИВО
30.03.2021,SKODA,SUPERB,2012,СІРИЙ,ДИЗЕЛЬНЕ ПАЛИВО
03.02.2021,SKODA,SUPERB,2012,КОРИЧНЕВИЙ,ДИЗЕЛЬНЕ ПАЛИВО
06.01.2021,SKODA,SUPERB,2012,СІРИЙ,ДИЗЕЛЬНЕ ПАЛИВО
18.02.2021,SKODA,OCTAVIA,2012,СІРИЙ,ДИЗЕЛЬНЕ ПАЛИВО
09.02.2021,SKODA,OCTAVIA,2012,СІРИЙ,ДИЗЕЛЬНЕ ПАЛИВО
04.01.2021,SKODA,OCTAVIA,2012,БІЛИЙ,ДИЗЕЛЬНЕ ПАЛИВО
12.01.2021,SKODA,OCTAVIA A5,2012,СІРИЙ,ДИЗЕЛЬНЕ ПАЛИВО
17.02.2021,SKODA,OCTAVIA,2012,СИНІЙ,БЕНЗИН АБО ГАЗ
17.02.2021,SKODA,OCTAVIA,2012,СИНІЙ,БЕНЗИН АБО ГАЗ
16.03.2021,SKODA,FABIA,2012,БІЛИЙ,ДИЗЕЛЬНЕ ПАЛИВО
12.01.2021,SKODA,FABIA,2012,БІЛИЙ,ДИЗЕЛЬНЕ ПАЛИВО
13.01.2021,SKODA,OCTAVIA,2012,ЧОРНИЙ,ДИЗЕЛЬНЕ ПАЛИВО
05.01.2021,SKODA,OCTAVIA,2012,ЧОРНИЙ,БЕНЗИН
26.03.2021,SKODA,OCTAVIA,2012,БІЛИЙ,ДИЗЕЛЬНЕ ПАЛИВО
25.02.2021,SKODA,OCTAVIA,2012,СІРИЙ,БЕНЗИН АБО ГАЗ
30.03.2021,SKODA,OCTAVIA A5,2012,ЧОРНИЙ,ДИЗЕЛЬНЕ ПАЛИВО
20.02.2021,SKODA,SUPERB,2012,КОРИЧНЕВИЙ,ДИЗЕЛЬНЕ ПАЛИВО
10.03.2021,SKODA,OCTAVIA,2012,СИНІЙ,БЕНЗИН
05.02.2021,SKODA,OCTAVIA,2012,СИНІЙ,БЕНЗИН
05.01.2021,SKODA,OCTAVIA,2012,СІРИЙ,ДИЗЕЛЬНЕ ПАЛИВО
15.01.2021,SKODA,FABIA,2012,СИНІЙ,БЕНЗИН
16.02.2021,SKODA,OCTAVIA,2012,СІРИЙ,ДИЗЕЛЬНЕ ПАЛИВО
15.01.2021,SKODA,FABIA,2012,СІРИЙ,ДИЗЕЛЬНЕ ПАЛИВО
04.01.2021,SKODA,SUPERB,2012,КОРИЧНЕВИЙ,ДИЗЕЛЬНЕ ПАЛИВО
30.03.2021,SKODA,OCTAVIA,2012,СІРИЙ,ДИЗЕЛЬНЕ ПАЛИВО
20.02.2021,SKODA,OCTAVIA,2012,ЧЕРВОНИЙ,БЕНЗИН
19.02.2021,SKODA,SUPERB,2012,ЧОРНИЙ,БЕНЗИН
03.02.2021,SKODA,OCTAVIA A5,2012,СІРИЙ,ДИЗЕЛЬНЕ ПАЛИВО
20.01.2021,SKODA,OCTAVIA,2012,СІРИЙ,ДИЗЕЛЬНЕ ПАЛИВО
06.02.2021,SKODA,OCTAVIA,2012,СИНІЙ,ДИЗЕЛЬНЕ ПАЛИВО
20.01.2021,SKODA,OCTAVIA,2012,СИНІЙ,ДИЗЕЛЬНЕ ПАЛИВО
20.01.2021,SKODA,OCTAVIA A5,2012,СИНІЙ,ДИЗЕЛЬНЕ ПАЛИВО
19.02.2021,SKODA,OCTAVIA A5,2012,СИНІЙ,ДИЗЕЛЬНЕ ПАЛИВО
29.01.2021,SKODA,OCTAVIA,2012,СІРИЙ,ДИЗЕЛЬНЕ ПАЛИВО
17.03.2021,SKODA,OCTAVIA,2012,СІРИЙ,ДИЗЕЛЬНЕ ПАЛИВО
13.02.2021,SKODA,OCTAVIA,2012,СИНІЙ,ДИЗЕЛЬНЕ ПАЛИВО
05.01.2021,SKODA,OCTAVIA,2012,СИНІЙ,ДИЗЕЛЬНЕ ПАЛИВО
14.01.2021,SKODA,FABIA,2012,СІРИЙ,БЕНЗИН
14.01.2021,SKODA,FABIA,2012,СІРИЙ,БЕНЗИН
26.02.2021,SKODA,OCTAVIA,2012,СІРИЙ,ДИЗЕЛЬНЕ ПАЛИВО
11.03.2021,SKODA,OCTAVIA,2012,СІРИЙ,ДИЗЕЛЬНЕ ПАЛИВО
13.01.2021,SKODA,OCTAVIA A5,2012,ЧОРНИЙ,ДИЗЕЛЬНЕ ПАЛИВО
05.01.2021,SKODA,OCTAVIA,2012,СІРИЙ,БЕНЗИН
14.01.2021,SKODA,OCTAVIA,2012,СІРИЙ,ДИЗЕЛЬНЕ ПАЛИВО
16.02.2021,SKODA,FABIA,2012,БІЛИЙ,БЕНЗИН
06.02.2021,SKODA,OCTAVIA A5,2012,БІЛИЙ,ДИЗЕЛЬНЕ ПАЛИВО
02.02.2021,SKODA,OCTAVIA,2012,ЧОРНИЙ,ДИЗЕЛЬНЕ ПАЛИВО
17.03.2021,SKODA,OCTAVIA,2012,СІРИЙ,ДИЗЕЛЬНЕ ПАЛИВО
30.03.2021,SKODA,OCTAVIA,2012,СІРИЙ,БЕНЗИН
24.03.2021,SKODA,OCTAVIA A5,2012,СИНІЙ,ДИЗЕЛЬНЕ ПАЛИВО
20.01.2021,SKODA,YETI,2012,БЕЖЕВИЙ,ДИЗЕЛЬНЕ ПАЛИВО
26.02.2021,SKODA,OCTAVIA,2012,СІРИЙ,ДИЗЕЛЬНЕ ПАЛИВО
06.02.2021,SKODA,OCTAVIA,2012,СІРИЙ,БЕНЗИН
04.03.2021,SKODA,OCTAVIA,2012,СІРИЙ,БЕНЗИН
26.02.2021,SKODA,OCTAVIA,2012,БІЛИЙ,БЕНЗИН
29.01.2021,SKODA,OCTAVIA,2012,СИНІЙ,ДИЗЕЛЬНЕ ПАЛИВО
21.01.2021,SKODA,OCTAVIA,2012,СИНІЙ,ДИЗЕЛЬНЕ ПАЛИВО
30.03.2021,SKODA,OCTAVIA,2012,СІРИЙ,БЕНЗИН
23.03.2021,SKODA,OCTAVIA,2012,СІРИЙ,БЕНЗИН АБО ГАЗ
23.03.2021,SKODA,OCTAVIA,2012,СІРИЙ,БЕНЗИН
16.03.2021,SKODA,OCTAVIA,2012,ЧОРНИЙ,ДИЗЕЛЬНЕ ПАЛИВО
02.03.2021,SKODA,OCTAVIA,2012,СІРИЙ,ДИЗЕЛЬНЕ ПАЛИВО
19.02.2021,SKODA,OCTAVIA,2012,СІРИЙ,ДИЗЕЛЬНЕ ПАЛИВО
04.01.2021,SKODA,OCTAVIA,2012,СІРИЙ,ДИЗЕЛЬНЕ ПАЛИВО
20.03.2021,SKODA,FABIA,2012,БІЛИЙ,БЕНЗИН АБО ГАЗ
23.03.2021,SKODA,ROOMSTER,2012,СІРИЙ,ДИЗЕЛЬНЕ ПАЛИВО
20.03.2021,SKODA,FABIA,2012,СІРИЙ,БЕНЗИН
05.02.2021,SKODA,SUPERB,2012,ЧОРНИЙ,ДИЗЕЛЬНЕ ПАЛИВО
02.02.2021,SKODA,FABIA,2012,БІЛИЙ,БЕНЗИН
15.01.2021,SKODA,OCTAVIA,2012,СІРИЙ,ДИЗЕЛЬНЕ ПАЛИВО
03.03.2021,SKODA,OCTAVIA,2012,СІРИЙ,ДИЗЕЛЬНЕ ПАЛИВО
03.03.2021,SKODA,OCTAVIA,2012,СІРИЙ,ДИЗЕЛЬНЕ ПАЛИВО
18.02.2021,SKODA,OCTAVIA,2012,СІРИЙ,ДИЗЕЛЬНЕ ПАЛИВО
20.03.2021,SKODA,OCTAVIA,2012,СІРИЙ,БЕНЗИН
04.02.2021,SKODA,FABIA,2012,СІРИЙ,ДИЗЕЛЬНЕ ПАЛИВО
02.03.2021,SKODA,ROOMSTER,2012,СІРИЙ,БЕНЗИН
02.03.2021,SKODA,SUPERB,2012,ЧЕРВОНИЙ,ДИЗЕЛЬНЕ ПАЛИВО
05.01.2021,SKODA,ROOMSTER,2012,СИНІЙ,ДИЗЕЛЬНЕ ПАЛИВО
19.01.2021,SKODA,OCTAVIA,2012,БІЛИЙ,ДИЗЕЛЬНЕ ПАЛИВО
20.03.2021,SKODA,OCTAVIA,2012,ЧОРНИЙ,БЕНЗИН АБО ГАЗ
23.03.2021,SKODA,OCTAVIA,2012,ЧОРНИЙ,ДИЗЕЛЬНЕ ПАЛИВО
10.02.2021,SKODA,OCTAVIA,2012,ЧОРНИЙ,ДИЗЕЛЬНЕ ПАЛИВО
25.03.2021,SKODA,SUPERB,2012,ЧОРНИЙ,ДИЗЕЛЬНЕ ПАЛИВО
10.02.2021,SKODA,FABIA,2012,БІЛИЙ,БЕНЗИН АБО ГАЗ
17.02.2021,SKODA,FABIA,2012,СІРИЙ,БЕНЗИН АБО ГАЗ
12.01.2021,SKODA,OCTAVIA,2012,СІРИЙ,ДИЗЕЛЬНЕ ПАЛИВО
05.01.2021,SKODA,OCTAVIA,2012,СІРИЙ,ДИЗЕЛЬНЕ ПАЛИВО
15.01.2021,SKODA,OCTAVIA,2012,БІЛИЙ,ДИЗЕЛЬНЕ ПАЛИВО
05.01.2021,SKODA,SUPERB,2012,ЧОРНИЙ,ДИЗЕЛЬНЕ ПАЛИВО
13.02.2021,SKODA,OCTAVIA,2012,СІРИЙ,ДИЗЕЛЬНЕ ПАЛИВО
12.02.2021,SKODA,FABIA,2012,СІРИЙ,ДИЗЕЛЬНЕ ПАЛИВО
20.02.2021,SKODA,FABIA,2012,СІРИЙ,ДИЗЕЛЬНЕ ПАЛИВО
04.02.2021,SKODA,FABIA,2012,СІРИЙ,ДИЗЕЛЬНЕ ПАЛИВО
20.02.2021,SKODA,OCTAVIA,2012,ЧОРНИЙ,ДИЗЕЛЬНЕ ПАЛИВО
11.02.2021,SKODA,OCTAVIA,2012,СІРИЙ,ДИЗЕЛЬНЕ ПАЛИВО
02.03.2021,SKODA,FABIA,2012,СІРИЙ,БЕНЗИН АБО ГАЗ
17.02.2021,SKODA,FABIA,2012,СІРИЙ,БЕНЗИН АБО ГАЗ
10.03.2021,SKODA,OCTAVIA A5,2012,ЧОРНИЙ,ДИЗЕЛЬНЕ ПАЛИВО
29.01.2021,SKODA,OCTAVIA,2012,СІРИЙ,ДИЗЕЛЬНЕ ПАЛИВО
24.03.2021,SKODA,FABIA,2012,БІЛИЙ,ДИЗЕЛЬНЕ ПАЛИВО
06.02.2021,SKODA,FABIA,2012,БІЛИЙ,БЕНЗИН АБО ГАЗ
21.01.2021,SKODA,OCTAVIA,2012,БІЛИЙ,БЕНЗИН
25.02.2021,SKODA,OCTAVIA,2012,БІЛИЙ,ДИЗЕЛЬНЕ ПАЛИВО
29.01.2021,SKODA,OCTAVIA COMBI,2012,ЧЕРВОНИЙ,ДИЗЕЛЬНЕ ПАЛИВО
25.03.2021,SKODA,SUPERB,2012,ЧОРНИЙ,ДИЗЕЛЬНЕ ПАЛИВО
24.02.2021,SKODA,FABIA,2012,ЧОРНИЙ,БЕНЗИН АБО ГАЗ
12.01.2021,SKODA,SUPERB,2012,ЧОРНИЙ,ДИЗЕЛЬНЕ ПАЛИВО
12.02.2021,SKODA,FABIA,2012,ЧОРНИЙ,ДИЗЕЛЬНЕ ПАЛИВО
12.02.2021,SKODA,FABIA,2012,БІЛИЙ,БЕНЗИН АБО ГАЗ
23.03.2021,SKODA,FABIA,2012,БІЛИЙ,БЕНЗИН АБО ГАЗ
26.02.2021,SKODA,OCTAVIA,2012,БІЛИЙ,БЕНЗИН АБО ГАЗ
12.01.2021,SKODA,OCTAVIA A5,2012,СІРИЙ,ДИЗЕЛЬНЕ ПАЛИВО
16.01.2021,SKODA,OCTAVIA,2012,БІЛИЙ,ДИЗЕЛЬНЕ ПАЛИВО
28.01.2021,SKODA,OCTAVIA,2012,БІЛИЙ,ДИЗЕЛЬНЕ ПАЛИВО
19.02.2021,SKODA,FABIA,2012,БІЛИЙ,БЕНЗИН АБО ГАЗ
19.03.2021,SKODA,FABIA,2012,БІЛИЙ,ДИЗЕЛЬНЕ ПАЛИВО
24.03.2021,SKODA,OCTAVIA,2012,ЧОРНИЙ,ДИЗЕЛЬНЕ ПАЛИВО
18.02.2021,SKODA,OCTAVIA,2012,СІРИЙ,ДИЗЕЛЬНЕ ПАЛИВО
19.03.2021,SKODA,FABIA,2012,СІРИЙ,БЕНЗИН АБО ГАЗ
20.03.2021,SKODA,FABIA,2012,СІРИЙ,БЕНЗИН АБО ГАЗ
12.02.2021,SKODA,FABIA,2012,БІЛИЙ,БЕНЗИН АБО ГАЗ
13.02.2021,SKODA,OCTAVIA,2012,СІРИЙ,БЕНЗИН
15.01.2021,SKODA,SUPERB,2012,ЧОРНИЙ,ДИЗЕЛЬНЕ ПАЛИВО
02.02.2021,SKODA,SUPERB,2012,ЧОРНИЙ,ДИЗЕЛЬНЕ ПАЛИВО
05.01.2021,SKODA,SUPERB,2012,СІРИЙ,ДИЗЕЛЬНЕ ПАЛИВО
04.02.2021,SKODA,OCTAVIA,2012,СІРИЙ,ДИЗЕЛЬНЕ ПАЛИВО
14.01.2021,SKODA,OCTAVIA,2012,СІРИЙ,ДИЗЕЛЬНЕ ПАЛИВО
19.03.2021,SKODA,OCTAVIA,2012,БІЛИЙ,ДИЗЕЛЬНЕ ПАЛИВО
05.02.2021,SKODA,OCTAVIA,2012,БІЛИЙ,БЕНЗИН АБО ГАЗ
16.02.2021,SKODA,OCTAVIA,2012,БІЛИЙ,БЕНЗИН АБО ГАЗ
02.02.2021,SKODA,OCTAVIA,2012,БІЛИЙ,ДИЗЕЛЬНЕ ПАЛИВО
06.03.2021,SKODA,OCTAVIA,2012,СИНІЙ,БЕНЗИН АБО ГАЗ
11.03.2021,SKODA,OCTAVIA,2012,ЧОРНИЙ,ДИЗЕЛЬНЕ ПАЛИВО
19.03.2021,SKODA,OCTAVIA,2012,ЧОРНИЙ,БЕНЗИН АБО ГАЗ
19.03.2021,SKODA,OCTAVIA,2012,СИНІЙ,ДИЗЕЛЬНЕ ПАЛИВО
19.03.2021,SKODA,OCTAVIA,2012,СИНІЙ,ДИЗЕЛЬНЕ ПАЛИВО
17.03.2021,SKODA,OCTAVIA,2012,СИНІЙ,ДИЗЕЛЬНЕ ПАЛИВО
27.02.2021,SKODA,OCTAVIA,2012,БІЛИЙ,ДИЗЕЛЬНЕ ПАЛИВО
08.01.2021,SKODA,OCTAVIA,2012,СІРИЙ,ДИЗЕЛЬНЕ ПАЛИВО
20.02.2021,SKODA,OCTAVIA A5,2012,СІРИЙ,ДИЗЕЛЬНЕ ПАЛИВО
18.03.2021,SKODA,OCTAVIA,2012,СІРИЙ,ДИЗЕЛЬНЕ ПАЛИВО
25.03.2021,SKODA,OCTAVIA,2012,СІРИЙ,БЕНЗИН
24.02.2021,SKODA,SUPERB,2012,СІРИЙ,ДИЗЕЛЬНЕ ПАЛИВО
05.02.2021,SKODA,SUPERB,2012,БІЛИЙ,ДИЗЕЛЬНЕ ПАЛИВО
24.02.2021,SKODA,OCTAVIA,2012,БІЛИЙ,ДИЗЕЛЬНЕ ПАЛИВО
12.03.2021,SKODA,OCTAVIA,2012,БІЛИЙ,ДИЗЕЛЬНЕ ПАЛИВО
28.01.2021,SKODA,OCTAVIA,2012,СИНІЙ,БЕНЗИН АБО ГАЗ
25.03.2021,SKODA,FABIA,2012,БІЛИЙ,БЕНЗИН
05.03.2021,SKODA,OCTAVIA,2012,БЕЖЕВИЙ,ДИЗЕЛЬНЕ ПАЛИВО
11.03.2021,SKODA,OCTAVIA,2012,ЧОРНИЙ,ДИЗЕЛЬНЕ ПАЛИВО
28.01.2021,SKODA,OCTAVIA,2012,СІРИЙ,БЕНЗИН
05.01.2021,SKODA,FABIA,2012,СІРИЙ,БЕНЗИН АБО ГАЗ
11.03.2021,SKODA,FABIA,2012,БІЛИЙ,БЕНЗИН АБО ГАЗ
24.03.2021,SKODA,FABIA,2012,СІРИЙ,ДИЗЕЛЬНЕ ПАЛИВО
20.03.2021,SKODA,OCTAVIA,2012,СІРИЙ,ДИЗЕЛЬНЕ ПАЛИВО
20.03.2021,SKODA,OCTAVIA,2012,ЧЕРВОНИЙ,ДИЗЕЛЬНЕ ПАЛИВО
26.02.2021,SKODA,OCTAVIA,2012,БІЛИЙ,БЕНЗИН АБО ГАЗ
23.02.2021,SKODA,OCTAVIA,2012,БІЛИЙ,БЕНЗИН АБО ГАЗ
09.01.2021,SKODA,OCTAVIA,2012,ЧОРНИЙ,ДИЗЕЛЬНЕ ПАЛИВО
06.01.2021,SKODA,OCTAVIA,2012,СИНІЙ,БЕНЗИН АБО ГАЗ
06.03.2021,SKODA,SUPERB,2012,ЧОРНИЙ,ДИЗЕЛЬНЕ ПАЛИВО
26.03.2021,SKODA,FABIA,2012,СІРИЙ,ДИЗЕЛЬНЕ ПАЛИВО
05.01.2021,SKODA,FABIA,2012,БІЛИЙ,БЕНЗИН
13.01.2021,SKODA,ROOMSTER,2012,СІРИЙ,БЕНЗИН
18.02.2021,SKODA,OCTAVIA,2012,ЧОРНИЙ,ДИЗЕЛЬНЕ ПАЛИВО
30.03.2021,SKODA,FABIA,2012,БІЛИЙ,БЕНЗИН АБО ГАЗ
03.03.2021,SKODA,OCTAVIA,2012,СІРИЙ,ДИЗЕЛЬНЕ ПАЛИВО
12.01.2021,SKODA,OCTAVIA,2012,БІЛИЙ,ДИЗЕЛЬНЕ ПАЛИВО
30.03.2021,SKODA,OCTAVIA,2012,ЧОРНИЙ,ДИЗЕЛЬНЕ ПАЛИВО
21.01.2021,SKODA,OCTAVIA,2012,БІЛИЙ,ДИЗЕЛЬНЕ ПАЛИВО
04.03.2021,SKODA,OCTAVIA,2012,СІРИЙ,ДИЗЕЛЬНЕ ПАЛИВО
10.03.2021,SKODA,OCTAVIA,2012,СІРИЙ,ДИЗЕЛЬНЕ ПАЛИВО
06.03.2021,SKODA,OCTAVIA,2012,ЧОРНИЙ,ДИЗЕЛЬНЕ ПАЛИВО
18.03.2021,SKODA,OCTAVIA,2012,СІРИЙ,ДИЗЕЛЬНЕ ПАЛИВО
05.03.2021,SKODA,OCTAVIA,2012,СІРИЙ,ДИЗЕЛЬНЕ ПАЛИВО
06.01.2021,SKODA,OCTAVIA,2012,СІРИЙ,ДИЗЕЛЬНЕ ПАЛИВО
06.03.2021,SKODA,FABIA,2012,СІРИЙ,ДИЗЕЛЬНЕ ПАЛИВО
05.02.2021,SKODA,OCTAVIA,2012,СІРИЙ,ДИЗЕЛЬНЕ ПАЛИВО
06.01.2021,SKODA,OCTAVIA,2012,СИНІЙ,ДИЗЕЛЬНЕ ПАЛИВО
17.02.2021,SKODA,YETI,2012,ЧЕРВОНИЙ,БЕНЗИН
31.03.2021,SKODA,OCTAVIA,2012,БІЛИЙ,ДИЗЕЛЬНЕ ПАЛИВО
31.03.2021,SKODA,ROOMSTER,2012,БІЛИЙ,БЕНЗИН АБО ГАЗ
02.02.2021,SKODA,FABIA,2012,СІРИЙ,БЕНЗИН АБО ГАЗ
04.03.2021,SKODA,SUPERB,2012,ЧОРНИЙ,ДИЗЕЛЬНЕ ПАЛИВО
